,daily_return
1/30/09,-0.012966707
2/2/09,-0.007463904
2/3/09,0.013124724
2/4/09,-0.009144963
2/5/09,0.019643228
2/6/09,0.02975716
2/9/09,-0.009436874
2/10/09,-0.059687386
2/11/09,0.009196449
2/12/09,0.007953939
2/13/09,0.018052618
2/17/09,-0.062946591
2/18/09,-0.017957474
2/19/09,-0.029232125
2/20/09,-0.014124976
2/23/09,-0.050601002
2/24/09,0.049933324
2/25/09,-0.014235628
2/26/09,-0.032321271
2/27/09,-0.004573334
3/2/09,-0.06185331
3/3/09,-0.003019657
3/4/09,0.079741304
3/5/09,-0.044625918
3/6/09,-0.004607665
3/9/09,-0.022646771
3/10/09,0.099101847
3/11/09,0.009031436
3/12/09,0.06123731
3/13/09,0.008918488
3/16/09,-0.02689543
3/17/09,0.05793008
3/18/09,0.028010775
3/19/09,-0.001183649
3/20/09,-0.035125439
3/23/09,0.093014492
3/24/09,-0.030052914
3/25/09,0.008723666
3/26/09,0.06153175
3/27/09,-0.028291356
3/30/09,-0.035641768
3/31/09,0.030059041
4/1/09,0.021090885
4/2/09,0.050074391
4/3/09,0.018391001
4/6/09,-0.000250019
4/7/09,-0.0192314
4/8/09,0.039284801
4/9/09,0.040426449
4/13/09,-0.010582773
4/14/09,-0.000232788
4/15/09,0.004855332
4/16/09,0.026045574
4/17/09,0.007317088
4/20/09,-0.050913114
4/21/09,0.024511046
4/22/09,0.000754979
4/23/09,-0.004481137
4/24/09,0.017171414
4/27/09,-0.00493235
4/28/09,0.000340101
4/29/09,0.022867895
4/30/09,0.033152491
5/1/09,0.014773875
5/4/09,0.052393591
5/5/09,-0.00940646
5/6/09,-0.00382033
5/7/09,-0.042857466
5/8/09,0.02300788
5/11/09,0.005126751
5/12/09,-0.014452412
5/13/09,-0.026856328
5/14/09,0.005029927
5/15/09,-0.01365623
5/18/09,0.028832265
5/19/09,0.018532027
5/20/09,0.003307364
5/21/09,-0.017866926
5/22/09,0.002596258
5/26/09,0.045194381
5/27/09,-0.008801177
5/28/09,0.008398939
5/29/09,-0.005869837
6/1/09,0.042818984
6/2/09,-0.027775304
6/3/09,-0.010817113
6/4/09,0.02645353
6/5/09,-0.009419049
6/8/09,-0.021835574
6/9/09,0.033962337
6/10/09,0.016143825
6/11/09,0.020326432
6/12/09,-0.00681939
6/15/09,-0.029227382
6/16/09,-0.018212464
6/17/09,0.020370224
6/18/09,-0.010000369
6/19/09,0.01371762
6/22/09,-0.035000027
6/23/09,-0.004763567
6/24/09,0.020528268
6/25/09,0.003105659
6/26/09,0.020913846
6/29/09,0.007509309
6/30/09,0.012354001
7/1/09,0.022672773
7/2/09,-0.025412366
7/6/09,-0.035179577
7/7/09,-0.039507005
7/8/09,-0.003915031
7/9/09,0.016815359
7/10/09,-0.002132965
7/13/09,0.027492854
7/14/09,0.014508412
7/15/09,0.05932281
7/16/09,0.008297138
7/17/09,0.000632027
7/20/09,0.01382589
7/21/09,0.006291745
7/22/09,0.009471047
7/23/09,0.030988709
7/24/09,-0.000270989
7/27/09,0.009053738
7/28/09,-0.000966886
7/29/09,0.0011862
7/30/09,0.008817802
7/31/09,0.007253834
8/3/09,0.022203194
8/4/09,0.035538185
8/5/09,-0.009370641
8/6/09,-0.013266477
8/7/09,0.009544324
8/10/09,-0.001585134
8/11/09,-0.029411454
8/12/09,0.025957505
8/13/09,0.028128196
8/14/09,-0.012078441
8/17/09,-0.053149828
8/18/09,0.040969556
8/19/09,0.009133517
8/20/09,0.007259821
8/21/09,0.037063418
8/24/09,0.022254589
8/25/09,-0.00216661
8/26/09,0.014677424
8/27/09,0.016407057
8/28/09,0.019145169
8/31/09,-0.004525106
9/1/09,-0.04859938
9/2/09,-0.027037162
9/3/09,0.042321386
9/4/09,0.057088945
9/8/09,0.031641079
9/9/09,0.029001878
9/10/09,0.03660838
9/11/09,-0.010439811
9/14/09,-0.019547721
9/15/09,0.03786379
9/16/09,0.017309314
9/17/09,0.029724183
9/18/09,0.011604475
9/21/09,-0.00245311
9/22/09,0.036259784
9/23/09,0.00329834
9/24/09,0.001785442
9/25/09,-0.025531053
9/28/09,0.038064026
9/29/09,-0.018082919
9/30/09,-0.000301698
10/1/09,-0.034262185
10/2/09,-0.008937253
10/5/09,0.022755958
10/6/09,0.016519565
10/7/09,0.01121049
10/8/09,0.01009261
10/9/09,0.016202576
10/12/09,0.002292874
10/13/09,0.004728408
10/14/09,0.025800042
10/15/09,-0.017501182
10/16/09,-0.008350652
10/19/09,-0.008256326
10/20/09,-0.004093911
10/21/09,-0.011791986
10/22/09,0.006335943
10/23/09,-0.017311731
10/26/09,-0.006582081
10/27/09,-0.01787006
10/28/09,-0.026192184
10/29/09,0.034465486
10/30/09,-0.027613278
11/2/09,-0.000904902
11/3/09,0.01025274
11/4/09,0.001723695
11/5/09,0.028260943
11/6/09,-0.014426204
11/9/09,0.032548081
11/10/09,-0.006166474
11/11/09,0.027542533
11/12/09,0.002648176
11/13/09,0.019121742
11/16/09,0.016573994
11/17/09,0.009096474
11/18/09,-0.015775101
11/19/09,-0.026962
11/20/09,-0.01075764
11/23/09,0.018005331
11/24/09,-0.001275525
11/25/09,-0.005256324
11/27/09,-0.031380052
11/30/09,-0.012868583
12/1/09,0.029019392
12/2/09,0.006234995
12/3/09,-0.007854019
12/4/09,0.016545254
12/7/09,0.003880978
12/8/09,-0.005178974
12/9/09,-0.000509402
12/10/09,-0.010071076
12/11/09,0.000990647
12/14/09,0.024578635
12/15/09,-0.001501884
12/16/09,0.002913534
12/17/09,-0.015753775
12/18/09,0.039561027
12/21/09,0.009519911
12/22/09,0.004867118
12/23/09,0.013517796
12/24/09,0.011862542
12/28/09,-0.009004917
12/29/09,-0.002649571
12/30/09,0.004659348
12/31/09,-0.008958726
1/4/10,0.01875566
1/5/10,0.002601127
1/6/10,0.010737801
1/7/10,-0.002999562
1/8/10,0.010663185
1/11/10,-0.004041208
1/12/10,-0.011680235
1/13/10,0.006134582
1/14/10,-0.001375375
1/15/10,-0.016031652
1/19/10,0.023842144
1/20/10,-0.010414784
1/21/10,-0.013336386
1/22/10,-0.026225433
1/25/10,-0.000658738
1/26/10,0.000165768
1/27/10,0.007930258
1/28/10,-0.00640871
1/29/10,-0.021678331
2/1/10,0.028241889
2/2/10,0.010234533
2/3/10,0.006123651
2/4/10,-0.035452388
2/5/10,0.009126912
2/8/10,0.002123647
2/9/10,0.016938546
2/10/10,0.015684995
2/11/10,0.017957303
2/12/10,0.007567631
2/16/10,0.018879203
2/17/10,0.001981377
2/18/10,0.008766792
2/19/10,-0.001086919
2/22/10,-0.003250169
2/23/10,-0.015814442
2/24/10,0.009531627
2/25/10,-0.003033381
2/26/10,-0.000260508
3/1/10,0.023261828
3/2/10,0.004046126
3/3/10,0.002127423
3/4/10,0.011848358
3/5/10,0.01508246
3/8/10,0.000669121
3/9/10,0.01096369
3/10/10,0.009071592
3/11/10,0.001899634
3/12/10,0.005504755
3/15/10,0.005470514
3/16/10,0.001475217
3/17/10,-0.000264021
3/18/10,0.009107868
3/19/10,-0.015754842
3/22/10,0.014109266
3/23/10,0.0136626
3/24/10,-0.018231993
3/25/10,-0.004021304
3/26/10,0.000565057
3/29/10,0.002678519
3/30/10,0.010017673
3/31/10,-0.009052907
4/1/10,0.004483639
4/5/10,0.020969205
4/6/10,0.005416908
4/7/10,0.006488439
4/8/10,-0.00124553
4/9/10,0.004661763
4/12/10,0.009495224
4/13/10,0.003974297
4/14/10,0.024841826
4/15/10,0.005480863
4/16/10,-0.01139231
4/19/10,-0.010975283
4/20/10,0.018665903
4/21/10,0.00126819
4/22/10,0.006433993
4/23/10,0.009482053
4/26/10,0.002028569
4/27/10,-0.034638953
4/28/10,-0.002789189
4/29/10,0.027765344
4/30/10,-0.036865753
5/3/10,0.02525287
5/4/10,-0.032907336
5/5/10,-0.020750034
5/6/10,-0.034322798
5/7/10,-0.027513523
5/10/10,0.057754539
5/11/10,0.004904101
5/12/10,0.027709061
5/13/10,-0.009603504
5/14/10,-0.024320958
5/17/10,0.001523924
5/18/10,-0.017658873
5/19/10,-0.005955925
5/20/10,-0.047046506
5/21/10,0.009640102
5/24/10,-0.007519781
5/25/10,-0.000891302
5/26/10,0.002793546
5/27/10,0.046285067
5/28/10,-0.017082164
6/1/10,-0.02992438
6/2/10,0.0257019
6/3/10,0.019494845
6/4/10,-0.044412858
6/7/10,-0.033852524
6/8/10,-0.004274395
6/9/10,-0.005159901
6/10/10,0.035252828
6/11/10,0.019188907
6/14/10,0.005368406
6/15/10,0.038640326
6/16/10,0.002858815
6/17/10,0.003090902
6/18/10,0.011905409
6/21/10,-0.016703103
6/22/10,-0.015492413
6/23/10,-0.000112861
6/24/10,-0.021293053
6/25/10,0.002540606
6/28/10,0.006825746
6/29/10,-0.04797056
6/30/10,-0.017037743
7/1/10,-0.005185101
7/2/10,-0.009489885
7/6/10,-0.008981495
7/7/10,0.047050132
7/8/10,0.00855701
7/9/10,0.020161645
7/12/10,-0.000322904
7/13/10,0.032800835
7/14/10,0.003686051
7/15/10,-0.002503354
7/16/10,-0.035426547
7/19/10,0.010973979
7/20/10,0.01056398
7/21/10,-0.018234409
7/22/10,0.041284503
7/23/10,0.035683503
7/26/10,0.014816474
7/27/10,0.008314376
7/28/10,-0.01621578
7/29/10,-0.006496533
7/30/10,0.002506008
8/2/10,0.010400728
8/3/10,0.00308913
8/4/10,0.012898054
8/5/10,-0.003543409
8/6/10,-0.000289057
8/9/10,0.008614333
8/10/10,-0.020119281
8/11/10,-0.03634807
8/12/10,-0.020261159
8/13/10,-0.007033394
8/16/10,0.011526538
8/17/10,0.017608135
8/18/10,0.003928224
8/19/10,-0.017903023
8/20/10,0.009226687
8/23/10,-0.014852403
8/24/10,-0.010220051
8/25/10,0.014432972
8/26/10,-0.014472046
8/27/10,0.023523064
8/30/10,-0.0208499
8/31/10,-0.002581461
9/1/10,0.038447768
9/2/10,0.017543268
9/3/10,0.018720564
9/7/10,-0.019113247
9/8/10,0.010616227
9/9/10,0.004480596
9/10/10,-0.006036374
9/13/10,0.022200018
9/14/10,0.014979131
9/15/10,0.001624166
9/16/10,-5.48E-05
9/17/10,0.006694318
9/20/10,0.017817305
9/21/10,-0.00552916
9/22/10,-0.016465715
9/23/10,-0.006683038
9/24/10,0.03800686
9/27/10,-0.002163105
9/28/10,0.011855517
9/29/10,0.003369861
9/30/10,-0.006559094
10/1/10,0.001489448
10/4/10,-0.011050499
10/5/10,0.018820096
10/6/10,-0.011847847
10/7/10,0.004082261
10/8/10,0.001249011
10/11/10,0.001897655
10/12/10,0.001249723
10/13/10,0.003633901
10/14/10,-0.004013881
10/15/10,0.001375523
10/18/10,0.000541331
10/19/10,-0.039734932
10/20/10,0.009548017
10/21/10,-0.008907186
10/22/10,0.016458825
10/25/10,0.011423872
10/26/10,-0.002176127
10/27/10,0.001758612
10/28/10,-0.003884587
10/29/10,0.013127659
11/1/10,-0.007644861
11/2/10,0.017681413
11/3/10,0.013650972
11/4/10,0.006550784
11/5/10,0.004893247
11/8/10,0.006513183
11/9/10,-0.010796604
11/10/10,0.006128016
11/11/10,-0.010706965
11/12/10,-0.000886262
11/15/10,-0.009560585
11/16/10,-0.014814963
11/17/10,0.002799875
11/18/10,0.021619485
11/19/10,0.006075742
11/22/10,0.019882596
11/23/10,-0.008252393
11/24/10,0.020997885
11/26/10,-0.007048733
11/29/10,-0.001508801
11/30/10,-0.01606712
12/1/10,0.027305839
12/2/10,0.020723769
12/3/10,0.011244481
12/6/10,0.005074635
12/7/10,0.001873688
12/8/10,0.00924612
12/9/10,0.033828479
12/10/10,0.014122226
12/13/10,-0.004284723
12/14/10,-0.01270852
12/15/10,-0.00234525
12/16/10,0.020468828
12/17/10,0.010337369
12/20/10,0.004964859
12/21/10,0.007037264
12/22/10,-0.008243278
12/23/10,-0.005666474
12/27/10,0.012182345
12/28/10,-0.000990441
12/29/10,-0.000266554
12/30/10,0.002349993
12/31/10,-0.005579768
1/3/11,0.018795098
1/4/11,0.011056814
1/5/11,0.011399566
1/6/11,0.014621688
1/7/11,-0.001248242
1/10/11,0.020732723
1/11/11,-0.001111648
1/12/11,0.011292005
1/13/11,-0.001295598
1/14/11,0.014933166
1/18/11,0.001861317
1/19/11,-0.023376507
1/20/11,-0.011254124
1/21/11,-0.012313758
1/24/11,0.021611014
1/25/11,-0.006624721
1/26/11,-0.001748602
1/27/11,0.023223093
1/28/11,-0.022169368
1/31/11,-0.001273851
2/1/11,0.025011231
2/2/11,0.009692379
2/3/11,0.004221827
2/4/11,0.046397569
2/7/11,-0.001159757
2/8/11,0.007455841
2/9/11,-0.002083606
2/10/11,0.010230151
2/11/11,0.012733522
2/14/11,0.009765464
2/15/11,-0.014704743
2/16/11,0.013273848
2/17/11,0.003002783
2/18/11,-0.00931808
2/22/11,-0.038403895
2/23/11,-0.020726699
2/24/11,0.018952896
2/25/11,0.024910742
2/28/11,-0.00418128
3/1/11,-0.025302939
3/2/11,0.016188928
3/3/11,0.024247726
3/4/11,-0.004546966
3/7/11,-0.037198549
3/8/11,-0.00076188
3/9/11,-0.016031713
3/10/11,-0.021181556
3/11/11,0.0180868
3/14/11,-0.00992374
3/15/11,-0.007655806
3/16/11,-0.010536595
3/17/11,0.000829428
3/18/11,-0.015305745
3/21/11,0.025227601
3/22/11,-0.013589134
3/23/11,0.01076426
3/24/11,0.031407825
3/25/11,-0.00290624
3/28/11,-0.004752996
3/29/11,0.016346582
3/30/11,0.017968262
3/31/11,-0.003435538
4/1/11,0.001150956
4/4/11,-0.007545632
4/5/11,0.004151913
4/6/11,0.005846661
4/7/11,-0.005240285
4/8/11,-0.002324372
4/11/11,-0.009861363
4/12/11,-0.005283015
4/13/11,0.013266632
4/14/11,-0.000636985
4/15/11,-0.005723482
4/18/11,-0.017817914
4/19/11,0.004304786
4/20/11,0.037930636
4/21/11,0.011299982
4/25/11,0.001030562
4/26/11,0.000645538
4/27/11,0.007418577
4/28/11,0.000816745
4/29/11,0.006100636
5/2/11,-0.009299387
5/3/11,-0.012382929
5/4/11,-0.007249459
5/5/11,-0.001473717
5/6/11,0.008741366
5/9/11,0.015800013
5/10/11,0.019345256
5/11/11,-0.009074742
5/12/11,0.013731123
5/13/11,-0.01160373
5/16/11,-0.026881799
5/17/11,-0.00604754
5/18/11,0.016633432
5/19/11,0.002817218
5/20/11,-0.005413046
5/23/11,-0.018025908
5/24/11,-0.008896049
5/25/11,0.01426144
5/26/11,0.008960142
5/27/11,0.004557515
5/31/11,0.013084576
6/1/11,-0.027085309
6/2/11,-9.31E-05
6/3/11,-0.0215059
6/6/11,-0.01589513
6/7/11,0.007291387
6/8/11,-0.019469744
6/9/11,0.003341776
6/10/11,-0.014196787
6/13/11,-0.009131415
6/14/11,0.019351286
6/15/11,-0.021599233
6/16/11,-0.011894098
6/17/11,-0.008290019
6/20/11,0.002617348
6/21/11,0.034200989
6/22/11,-0.000923207
6/23/11,0.013377146
6/24/11,-0.01334993
6/27/11,0.01178076
6/28/11,0.010393685
6/29/11,0.00379178
6/30/11,0.015981515
7/1/11,0.018883304
7/5/11,-0.003655676
7/6/11,-0.003308489
7/7/11,0.010777018
7/8/11,-0.011851441
7/11/11,-0.028471329
7/12/11,-0.032946825
7/13/11,0.00243789
7/14/11,-0.012622321
7/15/11,0.007414527
7/18/11,-0.014742199
7/19/11,0.031882606
7/20/11,-0.004230653
7/21/11,0.008703731
7/22/11,0.031016035
7/25/11,-0.019563819
7/26/11,-0.01684766
7/27/11,-0.049569475
7/28/11,-0.002701921
7/29/11,-0.008948931
8/1/11,-0.006740769
8/2/11,-0.037017064
8/3/11,0.013586022
8/4/11,-0.058266912
8/5/11,-0.015166954
8/8/11,-0.074198596
8/9/11,0.064308191
8/10/11,-0.038075614
8/11/11,0.065120505
8/12/11,-0.002499355
8/15/11,0.029319852
8/16/11,-0.028046876
8/17/11,-0.007916215
8/18/11,-0.057875297
8/19/11,-0.010714282
8/22/11,0.007450255
8/23/11,0.048886543
8/24/11,0.000102874
8/25/11,-0.025499749
8/26/11,0.02545582
8/29/11,0.042446206
8/30/11,-0.001279627
8/31/11,-0.004593055
9/1/11,-0.010098667
9/2/11,-0.032127212
9/6/11,-0.00427975
9/7/11,0.049291374
9/8/11,-0.013009653
9/9/11,-0.034430747
9/12/11,0.014872494
9/13/11,0.019109933
9/14/11,0.024452376
9/15/11,0.013138219
9/16/11,-0.001970238
9/19/11,-0.01486619
9/20/11,-0.013320451
9/21/11,-0.022781168
9/22/11,-0.040608331
9/23/11,0.019844884
9/26/11,0.013543561
9/27/11,0.026579686
9/28/11,-0.036137021
9/29/11,0.001668974
9/30/11,-0.037510145
10/3/11,-0.051764817
10/4/11,0.045590587
10/5/11,0.039743819
10/6/11,0.026992208
10/7/11,-0.008988836
10/10/11,0.037206105
10/11/11,0.004354882
10/12/11,0.018491618
10/13/11,0.015321667
10/14/11,0.021343563
10/17/11,-0.031407421
10/18/11,0.02611252
10/19/11,-0.024696626
10/20/11,0.003167334
10/21/11,0.014900847
10/24/11,0.04425949
10/25/11,-0.003415345
10/26/11,0.01071218
10/27/11,0.050329208
10/28/11,0.011042824
10/31/11,-0.025696941
11/1/11,-0.028376126
11/2/11,0.014834053
11/3/11,0.029455737
11/4/11,-0.001827834
11/7/11,-0.009763421
11/8/11,0.012378375
11/9/11,-0.048550573
11/10/11,-0.002026224
11/11/11,0.035119158
11/14/11,-0.010042881
11/15/11,0.012396698
11/16/11,-0.00713187
11/17/11,-0.02660665
11/18/11,-0.014638328
11/21/11,-0.025978406
11/22/11,-0.018460488
11/23/11,-0.034680339
11/25/11,-0.009675038
11/28/11,0.046011848
11/29/11,-0.009001894
11/30/11,0.062274429
12/1/11,0.002994152
12/2/11,0.016415502
12/5/11,0.018000966
12/6/11,-0.005965784
12/7/11,-0.000815193
12/8/11,-0.034149573
12/9/11,0.027159799
12/12/11,-0.027161579
12/13/11,-0.023474057
12/14/11,-0.019868888
12/15/11,-0.000811989
12/16/11,0.010371539
12/19/11,-0.030726325
12/20/11,0.045985742
12/21/11,-0.01718449
12/22/11,0.028004489
12/23/11,0.006087663
12/27/11,-0.002337889
12/28/11,-0.016590964
12/29/11,0.017625258
12/30/11,-0.004597338
1/3/12,0.025194917
1/4/12,-0.006511834
1/5/12,0.008227983
1/6/12,0.002065284
1/9/12,0.018692103
1/10/12,0.020449778
1/11/12,0.009349993
1/12/12,0.010383122
1/13/12,-0.012038284
1/17/12,0.006657986
1/18/12,0.040120511
1/19/12,0.009510379
1/20/12,0.000406674
1/23/12,-0.006086208
1/24/12,0.0045564
1/25/12,0.022610105
1/26/12,-0.002248405
1/27/12,0.010140902
1/30/12,-0.01151996
1/31/12,-0.005030407
2/1/12,0.016740013
2/2/12,0.007187295
2/3/12,0.029680387
2/6/12,-0.000579731
2/7/12,-0.004428833
2/8/12,0.010450769
2/9/12,0.007369472
2/10/12,-0.016450341
2/13/12,0.006030073
2/14/12,-0.004277839
2/15/12,-0.001326937
2/16/12,0.049760942
2/17/12,-0.00645057
2/21/12,-0.004761998
2/22/12,-0.00882026
2/23/12,0.008453189
2/24/12,0.001777879
2/27/12,6.55E-05
2/28/12,0.004108695
2/29/12,-0.017207303
3/1/12,0.005748171
3/2/12,-0.012414391
3/5/12,-0.021680192
3/6/12,-0.017675092
3/7/12,0.010688705
3/8/12,0.020179079
3/9/12,0.005084005
3/12/12,-0.008032576
3/13/12,0.026304494
3/14/12,-0.009641587
3/15/12,0.012254764
3/16/12,-0.004918649
3/19/12,0.007473857
3/20/12,-0.008723227
3/21/12,0.00377826
3/22/12,-0.008504611
3/23/12,0.00410793
3/26/12,0.018912516
3/27/12,-0.003559795
3/28/12,-0.004866931
3/29/12,0.00103731
3/30/12,-0.002590706
4/2/12,0.009576348
4/3/12,-0.013713399
4/4/12,-0.022126788
4/5/12,-0.001929307
4/9/12,-0.020571832
4/10/12,-0.018583977
4/11/12,0.017158202
4/12/12,0.023482594
4/13/12,-0.021151976
4/16/12,-0.007708222
4/17/12,0.024297636
4/18/12,-0.004008906
4/19/12,-0.014144757
4/20/12,-0.018740974
4/23/12,-0.030244426
4/24/12,-0.002549403
4/25/12,0.025251
4/26/12,0.007803586
4/27/12,-0.006664086
4/30/12,-0.005564688
5/1/12,-0.000580271
5/2/12,-0.003582284
5/3/12,-0.020087272
5/4/12,-0.023693096
5/7/12,-0.005872725
5/8/12,-0.005196942
5/9/12,-0.005901907
5/10/12,-0.012486255
5/11/12,0.003608035
5/14/12,-0.012316381
5/15/12,-0.001203008
5/16/12,-0.012798061
5/17/12,-0.01266225
5/18/12,-0.026311799
5/21/12,0.032978591
5/22/12,-0.002540534
5/23/12,0.007007422
5/24/12,-0.017854789
5/25/12,0.005358441
5/29/12,0.027383994
5/30/12,-0.015440607
5/31/12,0.0038967
6/1/12,-0.041860174
6/4/12,-0.007042747
6/5/12,0.022684743
6/6/12,0.03364532
6/7/12,-0.013675955
6/8/12,0.015346547
6/11/12,-0.033602592
6/12/12,0.024205268
6/13/12,-0.009564365
6/14/12,0.006297792
6/15/12,0.027877324
6/18/12,0.005295042
6/19/12,0.018535992
6/20/12,0.009519458
6/21/12,-0.044901117
6/22/12,0.019391418
6/25/12,-0.033807523
6/26/12,0.00406221
6/27/12,0.024758013
6/28/12,-0.003581269
6/29/12,0.043806046
7/2/12,-0.005201511
7/3/12,0.022136894
7/4/12,0
7/5/12,-0.000352469
7/6/12,-0.030942296
7/9/12,-0.019254063
7/10/12,-0.030144518
7/11/12,-0.004183954
7/12/12,-0.012966848
7/13/12,0.006197604
7/16/12,-0.010716918
7/17/12,-0.002683018
7/18/12,0.026594602
7/19/12,0.017479337
7/20/12,-0.033078567
7/23/12,-0.018818707
7/24/12,-0.013296875
7/25/12,0.012473046
7/26/12,0.022726292
7/27/12,0.0295289
7/30/12,-0.009726755
7/31/12,0.005788408
8/1/12,-0.015840208
8/2/12,0.002544686
8/3/12,0.029400972
8/6/12,0.020638974
8/7/12,0.020993691
8/8/12,-0.005262244
8/9/12,0.013117934
8/10/12,0.00505534
8/13/12,-0.008761993
8/14/12,-0.021756218
8/15/12,0.021855271
8/16/12,0.015478166
8/17/12,0.003517853
8/20/12,-0.010366486
8/21/12,0.000945534
8/22/12,-0.003300903
8/23/12,-0.005915324
8/24/12,-0.00537033
8/27/12,-0.000488906
8/28/12,0.003856905
8/29/12,0.004124999
8/30/12,-0.025257336
8/31/12,0.003713413
9/4/12,-0.014721547
9/5/12,0.004854165
9/6/12,0.029117982
9/7/12,0.002781806
9/10/12,-0.004899614
9/11/12,0.013220925
9/12/12,0.007210739
9/13/12,0.01197069
9/14/12,0.015423649
9/17/12,-0.007591439
9/18/12,-0.002212371
9/19/12,-0.004530969
9/20/12,-0.015203012
9/21/12,-0.001245158
9/24/12,-0.016675227
9/25/12,-0.028231395
9/26/12,-0.006757053
9/27/12,0.015921424
9/28/12,-0.008486778
10/1/12,-0.004085884
10/2/12,0.003408472
10/3/12,-0.026945648
10/4/12,0.006055189
10/5/12,-0.005952716
10/8/12,-0.009537636
10/9/12,-0.010630014
10/10/12,-0.009533014
10/11/12,0.003536276
10/12/12,-0.001304291
10/15/12,0.008093633
10/16/12,0.017756263
10/17/12,-0.011566305
10/18/12,-0.005731771
10/19/12,-0.024968363
10/22/12,0.004379421
10/23/12,-0.002290419
10/24/12,-0.005803566
10/25/12,0.00319058
10/26/12,-0.000875944
10/29/12,0
10/30/12,0
10/31/12,0.010934412
11/1/12,0.021805594
11/2/12,-0.021881018
11/5/12,0.012053529
11/6/12,0.014922048
11/7/12,-0.034903097
11/8/12,-0.014402749
11/9/12,0.006374106
11/12/12,-0.010239021
11/13/12,-0.009712666
11/14/12,-0.016953969
11/15/12,-0.012033473
11/16/12,-0.000955321
11/19/12,0.034473673
11/20/12,-0.024565219
11/21/12,0.012548491
11/22/12,0
11/23/12,0.02300296
11/26/12,0.007155765
11/27/12,-0.007772857
11/28/12,0.017229988
11/29/12,0.014462782
11/30/12,0.020932629
12/3/12,-0.009413991
12/4/12,0.013987688
12/5/12,0.006390063
12/6/12,0.003050278
12/7/12,0.001613306
12/10/12,0.013290655
12/11/12,0.021767493
12/12/12,-0.003734088
12/13/12,-0.012018063
12/14/12,0.00057138
12/17/12,0.001649399
12/18/12,0.018324553
12/19/12,0.00474153
12/20/12,-7.20E-05
12/21/12,-0.003974604
12/24/12,-0.013760481
12/26/12,-0.002944013
12/27/12,-0.003985597
12/28/12,-0.015931308
12/31/12,0.027716932
1/2/13,0.037432764
1/3/13,-0.006979742
1/4/13,0.002041637
1/7/13,2.90E-05
1/8/13,-0.003894579
1/9/13,0.007777816
1/10/13,0.010409345
1/11/13,0.009969837
1/14/13,-0.001051062
1/15/13,-0.000430949
1/16/13,0.006549001
1/17/13,0.006371676
1/18/13,-0.01177188
1/21/13,0
1/22/13,0.000828382
1/23/13,0.01033946
1/24/13,-0.007813098
1/25/13,0.029652693
1/28/13,0.005066545
1/29/13,-0.013448467
1/30/13,-0.001438297
1/31/13,0.007321067
2/1/13,0.007431396
2/4/13,-0.007362648
2/5/13,0.009907564
2/6/13,0.004692286
2/7/13,-0.010636753
2/8/13,0.009123359
2/11/13,0.005733013
2/12/13,0.012032104
2/13/13,0.004774628
2/14/13,0.001612138
2/15/13,0.002603277
2/19/13,0.012711266
2/20/13,-0.023757777
2/21/13,-0.015578019
2/22/13,0.012529312
2/25/13,-0.017763082
2/26/13,0.00617469
2/27/13,0.014130878
2/28/13,1.22E-05
3/1/13,0.004588933
3/4/13,-0.006648571
3/5/13,0.012625026
3/6/13,-0.001975332
3/7/13,0.001806469
3/8/13,0.012639666
3/11/13,-0.004627677
3/12/13,-6.04E-05
3/13/13,0.013184549
3/14/13,0.002635984
3/15/13,-0.009522151
3/18/13,-0.007300703
3/19/13,-0.004926504
3/20/13,0.0092888
3/21/13,-0.008935181
3/22/13,-0.001688146
3/25/13,-0.000539274
3/26/13,0.012743661
3/27/13,-0.000772726
3/28/13,0.004315001
4/1/13,-0.018580468
4/2/13,-0.011802491
4/3/13,-0.019780484
4/4/13,0.001317655
4/5/13,-0.00827716
4/8/13,0.002804976
4/9/13,0.004849631
4/10/13,0.014858328
4/11/13,-0.002098936
4/12/13,-0.003423371
4/15/13,-0.021575397
4/16/13,0.012309991
4/17/13,-0.03220191
4/18/13,-0.018022098
4/19/13,-0.006234484
4/22/13,0.017691433
4/23/13,0.055742184
4/24/13,0.004736981
4/25/13,0.005305869
4/26/13,-0.010687207
4/29/13,0.010809099
4/30/13,0.008991933
5/1/13,-0.005628263
5/2/13,0.009523863
5/3/13,0.009369702
5/6/13,0.01248949
5/7/13,-0.005805773
5/8/13,0.010521807
5/9/13,0.002102707
5/10/13,0.010130572
5/13/13,-0.001088745
5/14/13,0.010317724
5/15/13,0.005318442
5/16/13,0.002472971
5/17/13,0.013868429
5/20/13,-0.000146265
5/21/13,-0.000500784
5/22/13,-0.012266155
5/23/13,-0.011034637
5/24/13,-0.003083906
5/27/13,0
5/28/13,0.012731829
5/29/13,-0.00189978
5/30/13,0.013693997
5/31/13,-0.008791645
6/3/13,0.005690977
6/4/13,-0.008726738
6/5/13,-0.010038387
6/6/13,0.011614063
6/7/13,0.008591253
6/10/13,-0.001789593
6/11/13,-0.011028236
6/12/13,-0.012827933
6/13/13,0.016052642
6/14/13,-0.006507831
6/17/13,0.010326633
6/18/13,0.013353483
6/19/13,-0.014955691
6/20/13,-0.020131521
6/21/13,-0.001090769
6/24/13,-0.013643502
6/25/13,0.016343182
6/26/13,0.00469684
6/27/13,0.014695854
6/28/13,0.003722253
7/1/13,0.010899557
7/2/13,-0.004549083
7/3/13,0.006043288
7/4/13,0
7/5/13,0.012909333
7/8/13,-0.008786784
7/9/13,0.009665071
7/10/13,0.005439998
7/11/13,0.025675302
7/12/13,0.000392186
7/15/13,0.012456899
7/16/13,0.000205419
7/17/13,0.005350291
7/18/13,0.002337374
7/19/13,-0.010989325
7/22/13,-0.001636439
7/23/13,-0.006644554
7/24/13,-0.010492889
7/25/13,0.00103079
7/26/13,-0.013147123
7/29/13,-0.001491828
7/30/13,0.010718365
7/31/13,0.006241017
8/1/13,0.015765688
8/2/13,-0.003708571
8/5/13,0.00272942
8/6/13,-0.012045722
8/7/13,0.00082553
8/8/13,0.000717112
8/9/13,-0.005463209
8/12/13,0.006008964
8/13/13,0.006358245
8/14/13,-0.003477831
8/15/13,-0.020302789
8/16/13,0.004042144
8/19/13,-0.005522112
8/20/13,0.00758985
8/21/13,-0.005623707
8/22/13,0.0116401
8/23/13,-0.000908801
8/26/13,-0.001722727
8/27/13,-0.027278765
8/28/13,0.010231838
8/29/13,0.00719295
8/30/13,0.006558932
9/3/13,0.005895242
9/4/13,0.009611881
9/5/13,-0.000806702
9/6/13,-0.000484945
9/9/13,0.015592163
9/10/13,0.011330241
9/11/13,-0.003391306
9/12/13,-0.001697997
9/13/13,0.002246089
9/16/13,0.002118851
9/17/13,0.009364449
9/18/13,0.0163465
9/19/13,0.001763529
9/20/13,-0.001991972
9/23/13,-0.005711025
9/24/13,0.002606513
9/25/13,-0.000191206
9/26/13,-0.000463502
9/27/13,-0.010281024
9/30/13,-0.010592294
10/1/13,0.009109759
10/2/13,0.000367101
10/3/13,-0.019754868
10/4/13,0.01252968
10/7/13,-0.004571869
10/8/13,-0.021262594
10/9/13,-0.006931759
10/10/13,0.023590882
10/11/13,-0.000606632
10/14/13,0.006863429
10/15/13,-0.013385557
10/16/13,0.015088192
10/17/13,-0.000645113
10/18/13,0.003623888
10/21/13,0.00581786
10/22/13,-0.003965427
10/23/13,-0.017195382
10/24/13,0.005152594
10/25/13,0.014896905
10/28/13,-0.005232878
10/29/13,0.009454317
10/30/13,-0.010630909
10/31/13,0.0028083
11/1/13,0.002560691
11/4/13,0.014767147
11/5/13,0.000827684
11/6/13,0.000809251
11/7/13,-0.003117205
11/8/13,0.014084332
11/11/13,0.006068674
11/12/13,0.004914244
11/13/13,0.012982774
11/14/13,-0.001917061
11/15/13,0.005615623
11/18/13,-0.009519051
11/19/13,-0.014039699
11/20/13,0.003978378
11/21/13,0.017814391
11/22/13,0.004081521
11/25/13,-0.003189987
11/26/13,0.003570535
11/27/13,0.008359081
11/28/13,0
11/29/13,-0.005223793
12/2/13,-0.006692124
12/3/13,0.002100672
12/4/13,0.002445201
12/5/13,0.003493642
12/6/13,0.017069878
12/9/13,0.003410104
12/10/13,-0.001226495
12/11/13,-0.016798724
12/12/13,-0.010771156
12/13/13,0.006913592
12/16/13,0.011530953
12/17/13,0.006634057
12/18/13,-0.000367753
12/19/13,0.00082675
12/20/13,0.017845547
12/23/13,0.005227922
12/24/13,0.005349965
12/26/13,0.000446692
12/27/13,0.00166552
12/30/13,0.000251406
12/31/13,0.005979249
1/2/14,-0.013207642
1/3/14,0.003307878
1/6/14,-0.001687009
1/7/14,0.020196601
1/8/14,0.015907848
1/9/14,-0.002523881
1/10/14,-0.003071946
1/13/14,-0.014091263
1/14/14,0.031044765
1/15/14,0.015084245
1/16/14,-0.006558315
1/17/14,-0.008116993
1/20/14,0
1/21/14,0.00972904
1/22/14,0.009712969
1/23/14,-0.007457446
1/24/14,-0.034049446
1/27/14,-0.009564399
1/28/14,0.004637219
1/29/14,-0.009233988
1/30/14,0.022858891
1/31/14,-0.005945546
2/3/14,-0.037574456
2/4/14,0.006184448
2/5/14,-0.016295608
2/6/14,0.018717141
2/7/14,0.010660702
2/10/14,0.000490108
2/11/14,0.011002448
2/12/14,0.002975004
2/13/14,0.001408477
2/14/14,0.030383104
2/18/14,0.002798658
2/19/14,-0.00485865
2/20/14,0.006269195
2/21/14,-0.00781517
2/24/14,-0.00059087
2/25/14,-0.007071904
2/26/14,0.011769822
2/27/14,0.00213306
2/28/14,-0.005267358
3/3/14,-0.006038544
3/4/14,0.027304272
3/5/14,0.003315166
3/6/14,-0.003081925
3/7/14,0.000332016
3/10/14,-0.011868408
3/11/14,-0.007306996
3/12/14,0.011974096
3/13/14,-0.013267267
3/14/14,0.008953288
3/17/14,0.006143356
3/18/14,0.017338884
3/19/14,-0.002441032
3/20/14,0.01041083
3/21/14,-0.003023628
3/24/14,-0.01113778
3/25/14,0.001482826
3/26/14,-0.020635986
3/27/14,-0.009536563
3/28/14,0.001726769
3/31/14,0.023505672
4/1/14,0.017170967
4/2/14,0.003437388
4/3/14,-0.008449318
4/4/14,-0.027965853
4/7/14,-0.014000173
4/8/14,0.003229454
4/9/14,0.017098167
4/10/14,-0.031734738
4/11/14,-0.016901188
4/14/14,0.004464332
4/15/14,0.001227688
4/16/14,0.010879717
4/17/14,0.008339884
4/21/14,0.006800566
4/22/14,0.020657462
4/23/14,-0.008467599
4/24/14,0.015796603
4/25/14,-0.015978021
4/28/14,-0.014761764
4/29/14,0.010386954
4/30/14,0.003798235
5/1/14,-0.005214678
5/2/14,0.004985557
5/5/14,0.002432942
5/6/14,-0.01898305
5/7/14,-0.008382569
5/8/14,-0.005045702
5/9/14,0.005293878
5/12/14,0.025884505
5/13/14,-0.003356573
5/14/14,-0.011487181
5/15/14,-0.004049968
5/16/14,0.014325149
5/19/14,0.015667099
5/20/14,-0.009461831
5/21/14,0.011746046
5/22/14,0.003420283
5/23/14,0.011037358
5/26/14,0
5/27/14,0.012068027
5/28/14,-0.002988592
5/29/14,0.003722977
5/30/14,-0.001780841
6/2/14,-0.005695894
6/3/14,0.010564723
6/4/14,0.007050163
6/5/14,0.018566927
6/6/14,0.005537938
6/9/14,0.00543351
6/10/14,0.002112188
6/11/14,0.004627312
6/12/14,-0.007223687
6/13/14,-0.000702117
6/16/14,-0.001016039
6/17/14,0.007945511
6/18/14,0.000969132
6/19/14,-0.004944207
6/20/14,0.002049469
6/23/14,-0.003349061
6/24/14,-0.008446972
6/25/14,-0.002341596
6/26/14,-0.00154032
6/27/14,0.004077916
6/30/14,0.003342203
7/1/14,0.013176015
7/2/14,0.005732326
7/3/14,0.004069344
7/4/14,0
7/7/14,-0.01497139
7/8/14,-0.014449173
7/9/14,0.001707164
7/10/14,0.001435807
7/11/14,0.00268855
7/14/14,0.011349009
7/15/14,-0.009053331
7/16/14,0.003806916
7/17/14,-0.012313183
7/18/14,0.001957298
7/21/14,-0.001166057
7/22/14,0.006091836
7/23/14,-0.017978545
7/24/14,-0.001142806
7/25/14,-0.013039971
7/28/14,-0.003515886
7/29/14,0.016648925
7/30/14,0.002407392
7/31/14,-0.021233476
8/1/14,-0.000106821
8/4/14,0.005344906
8/5/14,-0.002694514
8/6/14,-0.000969971
8/7/14,-0.010580546
8/8/14,0.010856001
8/11/14,0.010992886
8/12/14,-0.012813955
8/13/14,0.005669975
8/14/14,0.003305807
8/15/14,0.003854747
8/18/14,0.012192007
8/19/14,0.005926614
8/20/14,0.004457516
8/21/14,0.005246752
8/22/14,0.006754501
8/25/14,-0.001068816
8/26/14,0.004063887
8/27/14,-0.001082391
8/28/14,-0.002974442
8/29/14,0.007974581
9/2/14,0.004959176
9/3/14,-0.001830422
9/4/14,-0.006481115
9/5/14,0.007565181
9/8/14,0.000997259
9/9/14,-0.0117271
9/10/14,0.006552761
9/11/14,0.001146238
9/12/14,-0.011579438
9/15/14,-0.015754541
9/16/14,0.004662711
9/17/14,-0.00176295
9/18/14,0.009735122
9/19/14,-0.010461789
9/22/14,-0.01570627
9/23/14,-0.007392128
9/24/14,0.009890381
9/25/14,-0.021695044
9/26/14,0.004792222
9/29/14,7.57E-05
9/30/14,-0.009248905
10/1/14,-0.017851112
10/2/14,0.002320865
10/3/14,0.010025613
10/6/14,-0.011726925
10/7/14,-0.023382198
10/8/14,0.019671266
10/9/14,-0.031002617
10/10/14,-0.044007593
10/13/14,-0.011894976
10/14/14,0.000432462
10/15/14,0.005864556
10/16/14,-0.001368332
10/17/14,0.009713693
10/20/14,-0.001305486
10/21/14,0.029829788
10/22/14,-0.002528801
10/23/14,0.018209475
10/24/14,0.00336691
10/27/14,0.00041317
10/28/14,0.021063605
10/29/14,-0.000955784
10/30/14,-0.002658678
10/31/14,0.035683061
11/3/14,0.002434545
11/4/14,-0.002779193
11/5/14,0.007839445
11/6/14,0.001926269
11/7/14,-0.004206789
11/10/14,0.006319625
11/11/14,0.002141806
11/12/14,0.004318313
11/13/14,-0.004201242
11/14/14,0.011193075
11/17/14,-0.00603961
11/18/14,0.012540037
11/19/14,-0.00789763
11/20/14,0.00491041
11/21/14,0.00529468
11/24/14,0.009830494
11/25/14,0.001984251
11/26/14,0.007128858
11/27/14,0
11/28/14,0.000961101
12/1/14,-0.01286806
12/2/14,0.007130462
12/3/14,0.0076819
12/4/14,0.001615488
12/5/14,0.004963636
12/8/14,-0.015676589
12/9/14,0.008569521
12/10/14,-0.019806197
12/11/14,0.004700428
12/12/14,-0.014312123
12/15/14,-0.003371574
12/16/14,-0.012667843
12/17/14,0.025339365
12/18/14,0.02000321
12/19/14,0.006460248
12/22/14,0.006891145
12/23/14,0.000177952
12/24/14,0.00429613
12/26/14,0.002432499
12/29/14,0.001003846
12/30/14,-0.002939139
12/31/14,-0.00841534
1/2/15,-0.001162358
1/5/15,-0.021205668
1/6/15,-0.022970269
1/7/15,0.004819515
1/8/15,0.018611388
1/9/15,-0.006511146
1/12/15,-0.014495609
1/13/15,-0.000699615
1/14/15,-0.006567765
1/15/15,-0.022454909
1/16/15,0.02064089
1/19/15,0
1/20/15,0.001707385
1/21/15,0.021930143
1/22/15,0.018467342
1/23/15,0.004719546
1/26/15,0.000320385
1/27/15,-0.010135968
1/28/15,-0.008903587
1/29/15,0.01590634
1/30/15,-0.018946722
2/2/15,0.010668071
2/3/15,0.022236536
2/4/15,0.000737657
2/5/15,0.025338089
2/6/15,-0.009314486
2/9/15,-0.00339058
2/10/15,0.018419615
2/11/15,0.002751468
2/12/15,0.015544255
2/13/15,0.010082438
2/17/15,0.001595111
2/18/15,-0.001483271
2/19/15,0.006704997
2/20/15,0.005399927
2/23/15,-0.00619767
2/24/15,0.00903499
2/25/15,-0.003541805
2/26/15,0.003543977
2/27/15,-0.003580465
3/2/15,0.01588222
3/3/15,-0.014483462
3/4/15,-0.008434083
3/5/15,-0.000895218
3/6/15,0.000503091
3/9/15,0.004779633
3/10/15,-0.018174572
3/11/15,0.002916112
3/12/15,0.009862086
3/13/15,0.0002853
3/16/15,0.009391569
3/17/15,-0.004613916
3/18/15,0.00710399
3/19/15,-0.00344407
3/20/15,0.01372231
3/23/15,-0.00495718
3/24/15,-0.005383447
3/25/15,-0.039121779
3/26/15,-0.00090653
3/27/15,0.009393199
3/30/15,0.013098554
3/31/15,-0.006165945
4/1/15,-0.005050434
4/2/15,0.00332019
4/6/15,0.003727536
4/7/15,-0.001075519
4/8/15,0.00729175
4/9/15,0.003496806
4/10/15,0.006719412
4/13/15,-0.003127879
4/14/15,-0.007258617
4/15/15,0.009247966
4/16/15,0.005312048
4/17/15,-0.024806597
4/20/15,0.013082721
4/21/15,0.003615964
4/22/15,0.000669633
4/23/15,-0.000693167
4/24/15,-0.009785437
4/27/15,-0.000324726
4/28/15,0.003457841
4/29/15,-0.007992022
4/30/15,-0.017189784
5/1/15,0.015337706
5/4/15,-0.004162687
5/5/15,-0.011481395
5/6/15,0.002462396
5/7/15,0.000778126
5/8/15,0.008859252
5/11/15,0.001739813
5/12/15,-0.003906059
5/13/15,0.004373642
5/14/15,0.013418941
5/15/15,0.000430622
5/18/15,0.014076959
5/19/15,-0.002071675
5/20/15,0.000295578
5/21/15,-0.003706475
5/22/15,0.003228643
5/25/15,0
5/26/15,-0.01078807
5/27/15,0.017901953
5/28/15,0.004624692
5/29/15,-0.003434884
6/1/15,0.006668315
6/2/15,-0.001348356
6/3/15,0.011562315
6/4/15,-0.009188941
6/5/15,0.006437876
6/8/15,-0.014599413
6/9/15,0.008927223
6/10/15,0.015439567
6/11/15,0.000123319
6/12/15,-0.000723887
6/15/15,-0.009716645
6/16/15,0.009698207
6/17/15,0.001361745
6/18/15,0.009769391
6/19/15,-0.003325536
6/22/15,0.003883178
6/23/15,0.001592032
6/24/15,-0.012035154
6/25/15,-0.008245233
6/26/15,-0.025143691
6/29/15,-0.025232857
6/30/15,0.003874607
7/1/15,-0.002314189
7/2/15,0.004574616
7/3/15,0
7/6/15,-0.012096266
7/7/15,-0.009513562
7/8/15,-0.02013567
7/9/15,-0.005276841
7/10/15,0.011222224
7/13/15,0.014962927
7/14/15,0.00833441
7/15/15,-0.014643487
7/16/15,0.008074998
7/17/15,-0.000891161
7/20/15,-0.007885265
7/21/15,0.001026494
7/22/15,-0.014065933
7/23/15,0.010182428
7/24/15,-0.017831804
7/27/15,-0.010617403
7/28/15,0.013721968
7/29/15,0.012639961
7/30/15,0.007376215
7/31/15,-0.007141019
8/3/15,-0.008499938
8/4/15,-0.001893722
8/5/15,0.015353657
8/6/15,-0.008198444
8/7/15,0.005914861
8/10/15,0.009043846
8/11/15,-0.021353249
8/12/15,-0.000546432
8/13/15,-0.007952114
8/14/15,0.009645795
8/17/15,0.008635075
8/18/15,-0.013367688
8/19/15,-0.005877455
8/20/15,-0.035404419
8/21/15,-0.016135384
8/24/15,-0.034868035
8/25/15,-0.008572479
8/26/15,0.037749682
8/27/15,0.02952817
8/28/15,0.010633107
8/31/15,-0.004812576
9/1/15,-0.035010337
9/2/15,0.022879819
9/3/15,0.000548805
9/4/15,-0.013281394
9/8/15,0.030115562
9/9/15,-0.010299773
9/10/15,0.007865397
9/11/15,-0.007577169
9/14/15,-0.007160179
9/15/15,0.009217581
9/16/15,0.006776422
9/17/15,0.001122897
9/18/15,-0.013718926
9/21/15,0.000412474
9/22/15,-0.018194717
9/23/15,-5.09E-05
9/24/15,-0.001488348
9/25/15,-0.01014306
9/28/15,-0.025832769
9/29/15,-0.002528126
9/30/15,0.021698362
10/1/15,-0.005665968
10/2/15,0.019780233
10/5/15,0.028780487
10/6/15,-0.001054396
10/7/15,0.010365813
10/8/15,0.008341591
10/9/15,0.001688448
10/12/15,0.001956656
10/13/15,-0.004065512
10/14/15,0.008526059
10/15/15,0.012228017
10/16/15,0.001688339
10/19/15,0.005730481
10/20/15,-0.004670016
10/21/15,-0.019206257
10/22/15,0.024191961
10/23/15,0.001957966
10/26/15,-0.013243081
10/27/15,-0.016561325
10/28/15,0.027474286
10/29/15,-0.003252723
10/30/15,0.017607795
11/2/15,0.023980662
11/3/15,0.008432729
11/4/15,0.00521269
11/5/15,-0.010066756
11/6/15,0.019965657
11/9/15,-0.008353951
11/10/15,-0.011361386
11/11/15,-0.002318296
11/12/15,-0.019651816
11/13/15,-0.012896928
11/16/15,0.008098553
11/17/15,0.007181168
11/18/15,0.025021891
11/19/15,-0.003532378
11/20/15,0.004266038
11/23/15,0.002959681
11/24/15,0.010312059
11/25/15,0.011609895
11/26/15,0
11/27/15,0.002018654
11/30/15,0.004767784
12/1/15,0.009906698
12/2/15,-0.007635017
12/3/15,-0.017964474
12/4/15,0.016836606
12/7/15,-0.023487554
12/8/15,-0.00065644
12/9/15,-0.011329784
12/10/15,0.00729696
12/11/15,-0.015177295
12/14/15,-0.008967644
12/15/15,0.011256711
12/16/15,0.015726306
12/17/15,-0.010211366
12/18/15,-0.014103119
12/21/15,0.005390487
12/22/15,0.008691236
12/23/15,0.013630052
12/24/15,0.003947104
12/28/15,0.00181859
12/29/15,0.015105109
12/30/15,-0.006510508
12/31/15,-0.016220036
1/4/16,-0.022945574
1/5/16,-0.007562403
1/6/16,-0.020925589
1/7/16,-0.037144821
1/8/16,-0.022780149
1/11/16,0.000907226
1/12/16,0.008282537
1/13/16,-0.035684321
1/14/16,0.0172042
1/15/16,-0.036290428
1/18/16,0
1/19/16,-0.015614975
1/20/16,0.001950499
1/21/16,0.02489404
1/22/16,0.018624989
1/25/16,-0.013446867
1/26/16,0.014223174
1/27/16,-0.016014362
1/28/16,-0.005018681
1/29/16,0.047452075
2/1/16,0.001620446
2/2/16,-0.033342126
2/3/16,0.015142451
2/4/16,0.01064482
2/5/16,-0.04137064
2/8/16,-0.030663217
2/9/16,-0.005865334
2/10/16,0.005077302
2/11/16,-0.018627827
2/12/16,0.025844529
2/16/16,0.044423282
2/17/16,0.028316613
2/18/16,0.000559954
2/19/16,0.005137001
2/22/16,0.016097816
2/23/16,-0.009198958
2/24/16,0.018520489
2/25/16,0.012814619
2/26/16,0.005385939
2/29/16,0.001933447
3/1/16,0.023328484
3/2/16,0.011718804
3/3/16,-0.003955677
3/4/16,0.007607901
3/7/16,0.006133138
3/8/16,-0.028584726
3/9/16,0.00972715
3/10/16,-0.003696353
3/11/16,0.029737703
3/14/16,-0.001678822
3/15/16,-0.01024912
3/16/16,0.01456032
3/17/16,0.012717791
3/18/16,0.011551198
3/21/16,0.00277838
3/22/16,0.000924844
3/23/16,-0.023026976
3/24/16,4.27E-05
3/28/16,-0.001542776
3/29/16,0.022912587
3/30/16,-0.001214143
3/31/16,0.005837961
4/1/16,0.000367009
4/4/16,-0.008118769
4/5/16,-0.002478329
4/6/16,0.0103231
4/7/16,-0.018872098
4/8/16,0.00093494
4/11/16,0.002343434
4/12/16,-0.000236114
4/13/16,0.020304819
4/14/16,-0.008206635
4/15/16,-0.003966822
4/18/16,0.0019192
4/19/16,-0.010324767
4/20/16,0.005908363
4/21/16,0.003163903
4/22/16,0.004697694
4/25/16,-0.013814441
4/26/16,0.003349464
4/27/16,0.015510879
4/28/16,-0.022562928
4/29/16,-0.020470331
5/2/16,0.017348887
5/3/16,-0.013207021
5/4/16,-0.01321718
5/5/16,-0.000402189
5/6/16,0.006454683
5/9/16,-0.00361572
5/10/16,0.018987358
5/11/16,-0.013667241
5/12/16,-0.016395944
5/13/16,-0.002993001
5/16/16,0.013288409
5/17/16,-0.008245532
5/18/16,0.010285382
5/19/16,-0.012087278
5/20/16,0.024073493
5/23/16,0.013900274
5/24/16,0.023632753
5/25/16,0.008574201
5/26/16,0.00597239
5/27/16,0.013327824
5/30/16,0
5/31/16,0.007402061
6/1/16,0.004911086
6/2/16,0.005216991
6/3/16,-0.006737512
6/6/16,0.007295552
6/7/16,0.005904891
6/8/16,-0.003284179
6/9/16,-0.004513379
6/10/16,-0.02350015
6/13/16,-0.005666122
6/14/16,0.004184603
6/15/16,-0.002435247
6/16/16,0.005364064
6/17/16,0.005230356
6/20/16,0.004704882
6/21/16,0.002126454
6/22/16,-0.010290884
6/23/16,0.028794358
6/24/16,-0.053160474
6/27/16,-0.053671653
6/28/16,0.025963914
6/29/16,0.021950533
6/30/16,0.020695513
7/1/16,-0.001488793
7/4/16,0
7/5/16,-0.016376633
7/6/16,-0.004733638
7/7/16,0.008169771
7/8/16,0.039456939
7/11/16,5.34E-05
7/12/16,0.018875827
7/13/16,-0.002639554
7/14/16,0.00891434
7/15/16,9.89E-07
7/18/16,0.00683968
7/19/16,-0.013794592
7/20/16,0.020951947
7/21/16,-0.010795465
7/22/16,0.010993537
7/25/16,0.010200225
7/26/16,0.017558703
7/27/16,0.000718853
7/28/16,0.000708879
7/29/16,-0.001158016
8/1/16,0.005920811
8/2/16,-0.012437997
8/3/16,-0.00843645
8/4/16,0.008604062
8/5/16,0.020602865
8/8/16,-0.00189168
8/9/16,0.001959663
8/10/16,-0.01155907
8/11/16,0.004936433
8/12/16,0.006408844
8/15/16,0.013848103
8/16/16,-0.007006496
8/17/16,-0.000158958
8/18/16,0.001375154
8/19/16,0.00652141
8/22/16,0.002779209
8/23/16,0.004617297
8/24/16,-0.010789673
8/25/16,0.005116922
8/26/16,0.002677514
8/29/16,0.002191051
8/30/16,0.00313604
8/31/16,-0.007121766
9/1/16,0.00758531
9/2/16,0.005781934
9/6/16,0.002804445
9/7/16,0.001568194
9/8/16,-0.000992041
9/9/16,-0.027090938
9/12/16,0.011620564
9/13/16,-0.017182932
9/14/16,-0.007090135
9/15/16,0.015944278
9/16/16,-0.005559451
9/19/16,0.005967821
9/20/16,0.000117605
9/21/16,0.016926526
9/22/16,0.016213458
9/23/16,-0.005925682
9/26/16,-0.007678114
9/27/16,0.014079384
9/28/16,0.009261535
9/29/16,-0.00435029
9/30/16,0.010613441
10/3/16,-0.003792396
10/4/16,-0.003722442
10/5/16,0.014720822
10/6/16,0.002745039
10/7/16,-0.008535055
10/10/16,0.002394418
10/11/16,-0.027222941
10/12/16,-0.006693082
10/13/16,-0.008310093
10/14/16,-0.002822518
10/17/16,-0.003257305
10/18/16,0.015646384
10/19/16,0.008828742
10/20/16,0.004277373
10/21/16,-0.003387432
10/24/16,0.008868386
10/25/16,-0.008334928
10/26/16,0.001185492
10/27/16,-0.007655071
10/28/16,-0.010617889
10/31/16,0.002212902
11/1/16,-0.001691623
11/2/16,-0.004713584
11/3/16,0.000562298
11/4/16,0.007431522
11/7/16,0.029761464
11/8/16,0.015446031
11/9/16,-0.007262829
11/10/16,-0.015263913
11/11/16,0.017911158
11/14/16,0.00030726
11/15/16,0.013151455
11/16/16,0.007312252
11/17/16,0.007531519
11/18/16,0.001128776
11/21/16,0.001825079
11/22/16,0.004921094
11/23/16,-0.0002343
11/24/16,0
11/25/16,0.002355946
11/28/16,-0.002397381
11/29/16,-0.002448849
11/30/16,-0.0100691
12/1/16,-0.032408526
12/2/16,0.004747232
12/5/16,0.027237114
12/6/16,0.008333361
12/7/16,0.040862444
12/8/16,0.003708241
12/9/16,-0.007079535
12/12/16,-0.005251379
12/13/16,0.011843289
12/14/16,-0.007546749
12/15/16,0.010510902
12/16/16,-0.004684799
12/19/16,0.00785512
12/20/16,0.012605852
12/21/16,-0.003637693
12/22/16,-0.002051411
12/23/16,0.000681356
12/27/16,0.014171515
12/28/16,-0.023542001
12/29/16,0.000909106
12/30/16,-0.011377576
1/3/17,0.005861992
1/4/17,0.010215025
1/5/17,-0.010389895
1/6/17,0.001653606
1/9/17,0.005161102
1/10/17,0.013955744
1/11/17,-0.00059257
1/12/17,-0.00977498
1/13/17,0.006012148
1/16/17,0
1/17/17,-0.023713277
1/18/17,0.001393
1/19/17,0.000681747
1/20/17,0.002822389
1/23/17,-0.003970651
1/24/17,0.015382391
1/25/17,0.017543627
1/26/17,-0.010727558
1/27/17,-0.000830281
1/30/17,-0.009694572
1/31/17,-6.47E-05
2/1/17,-0.008446073
2/2/17,0.010588337
2/3/17,0.011699818
2/6/17,-0.000179593
2/7/17,0.00151903
2/8/17,0.004506587
2/9/17,0.011195498
2/10/17,0.008305982
2/13/17,0.00486225
2/14/17,0.004771945
2/15/17,0.008112977
2/16/17,-0.009852406
2/17/17,0.009428188
2/21/17,0.013473232
2/22/17,-0.002977954
2/23/17,0.002186436
2/24/17,-0.003331643
2/27/17,0.001269984
2/28/17,-0.014660593
3/1/17,0.013011165
3/2/17,-0.010496137
3/3/17,-0.002370065
3/6/17,-0.00654136
3/7/17,-0.002208319
3/8/17,0.007789527
3/9/17,-0.002990786
3/10/17,0.002581487
3/13/17,0.007494469
3/14/17,-0.003311119
3/15/17,0.009708505
3/16/17,0.001821611
3/17/17,0.000270132
3/20/17,-0.001985693
3/21/17,-0.023462121
3/22/17,0.001434129
3/23/17,-0.000843626
3/24/17,-0.000168182
3/27/17,0.004599582
3/28/17,0.001288885
3/29/17,0.00129301
3/30/17,0.008138674
3/31/17,-0.000519362
4/3/17,-0.011089423
4/4/17,-0.001253872
4/5/17,-0.006695573
4/6/17,0.008428945
4/7/17,0.000925041
4/10/17,0.005120812
4/11/17,-0.005450614
4/12/17,-0.008131769
4/13/17,-0.004677677
4/17/17,0.011441715
4/18/17,0.003172826
4/19/17,0.006173325
4/20/17,0.005305437
4/21/17,-0.010768939
4/24/17,0.014861219
4/25/17,0.009485935
4/26/17,0.003489138
4/27/17,0.009815124
4/28/17,-0.010951607
5/1/17,0.005697949
5/2/17,-0.003188041
5/3/17,-0.004844259
5/4/17,0.011868539
5/5/17,0.009682796
5/8/17,-0.003449132
5/9/17,0.009950253
5/10/17,0.004581586
5/11/17,-0.003868261
5/12/17,0.002103393
5/15/17,0.012147687
5/16/17,0.006603887
5/17/17,-0.040173607
5/18/17,0.003998351
5/19/17,0.018801474
5/22/17,0.022084339
5/23/17,-0.0012536
5/24/17,0.011161275
5/25/17,0.008981192
5/26/17,0.002486762
5/29/17,0
5/30/17,0.00115878
5/31/17,-0.002717924
6/1/17,0.015853476
6/2/17,0.002961829
6/5/17,0.000236216
6/6/17,-0.006353933
6/7/17,-0.000176224
6/8/17,0.01174664
6/9/17,-0.026169017
6/12/17,0.003780715
6/13/17,0.003156235
6/14/17,-0.010608737
6/15/17,-0.006688514
6/16/17,-0.015421208
6/19/17,0.014908291
6/20/17,-0.01080875
6/21/17,0.00626796
6/22/17,0.004036441
6/23/17,0.003291831
6/26/17,0.000209096
6/27/17,-0.014539221
6/28/17,0.020717857
6/29/17,-0.020564714
6/30/17,-0.0018569
7/3/17,-0.007066039
7/4/17,0
7/5/17,0.008573687
7/6/17,-0.008055131
7/7/17,0.017749868
7/10/17,0.001746804
7/11/17,0.002817515
7/12/17,0.014886898
7/13/17,0.00058077
7/14/17,0.010290738
7/17/17,0.003601836
7/18/17,0.005513472
7/19/17,0.012044548
7/20/17,0.002990311
7/21/17,-0.011980408
7/24/17,0.004113432
7/25/17,0.00602811
7/26/17,-0.005168578
7/27/17,-0.014943032
7/28/17,0.000418392
7/31/17,-0.011758707
8/1/17,0.005448689
8/2/17,-0.009149095
8/3/17,-0.005097373
8/4/17,-0.006998803
8/7/17,0.016581232
8/8/17,-0.006355845
8/9/17,-0.005468097
8/10/17,-0.026900483
8/11/17,0.007383844
8/14/17,0.02055455
8/15/17,0.001802392
8/16/17,0.007314384
8/17/17,-0.021270312
8/18/17,-1.17E-05
8/21/17,-0.005270424
8/22/17,0.016811854
8/23/17,0.004449727
8/24/17,0.003336993
8/25/17,-0.001544716
8/28/17,0.004791022
8/29/17,0.001649789
8/30/17,0.016127898
8/31/17,0.011781407
9/1/17,0.003274996
9/5/17,-0.00768595
9/6/17,0.000246439
9/7/17,-0.001687178
9/8/17,-0.011638909
9/11/17,0.012536175
9/12/17,0.001808052
9/13/17,-0.001007652
9/14/17,-0.003501674
9/15/17,0.005088622
9/18/17,0.01038811
9/19/17,0.001074069
9/20/17,0.001232682
9/21/17,-0.007363919
9/22/17,-0.000564139
9/25/17,-0.021994521
9/26/17,0.001391232
9/27/17,0.016019395
9/28/17,0.003511698
9/29/17,0.00406788
10/2/17,0.004609389
10/3/17,0.014234284
10/4/17,0.00367969
10/5/17,0.006119094
10/6/17,0.000711959
10/9/17,0.003213017
10/10/17,0.000383948
10/11/17,0.00256363
10/12/17,0.006768754
10/13/17,0.005282567
10/16/17,-0.001356866
10/17/17,-0.002498541
10/18/17,-0.000302451
10/19/17,-0.001280567
10/20/17,0.006941015
10/23/17,0.002073131
10/24/17,0.002090756
10/25/17,-0.024052953
10/26/17,-0.001506356
10/27/17,0.004459208
10/30/17,-0.004969999
10/31/17,0.008800796
11/1/17,-0.004404666
11/2/17,0.000165041
11/3/17,0.010125701
11/6/17,0.001833654
11/7/17,-0.004192719
11/8/17,0.008475291
11/9/17,-0.011716846
11/10/17,0.00531279
11/13/17,-0.001843987
11/14/17,-0.001273132
11/15/17,-0.009121998
11/16/17,0.016535357
11/17/17,0.001719139
11/20/17,0.007920173
11/21/17,0.013650198
11/22/17,-0.004868048
11/23/17,0
11/24/17,0.009267616
11/27/17,0.000374948
11/28/17,0.007638138
11/29/17,-0.040375968
11/30/17,0.006308605
12/1/17,-0.009874576
12/4/17,-0.030044685
12/5/17,0.005019562
12/6/17,0.00335103
12/7/17,0.013938121
12/8/17,0.00472226
12/11/17,0.008898255
12/12/17,-0.009356542
12/13/17,9.26E-05
12/14/17,0.004137729
12/15/17,0.017813667
12/18/17,0.01118282
12/19/17,-0.011197172
12/20/17,-0.001747249
12/21/17,-0.000206189
12/22/17,-0.001090812
12/26/17,-0.007040011
12/27/17,0.004674177
12/28/17,0.002237316
12/29/17,-0.010797374
1/2/18,0.031310893
1/3/18,0.017304148
1/4/18,0.000843244
1/5/18,0.008636918
1/8/18,0.011369825
1/9/18,-0.005725106
1/10/18,0.000566132
1/11/18,0.01607626
1/12/18,0.001064754
1/15/18,0
1/16/18,-0.01377855
1/17/18,0.015147936
1/18/18,0.005063934
1/19/18,0.007114492
1/22/18,0.004420373
1/23/18,0.003475664
1/24/18,-0.014919526
1/25/18,-0.000811792
1/26/18,0.02105865
1/29/18,-0.003474613
1/30/18,-0.011950598
1/31/18,-0.003924519
2/1/18,-0.002969223
2/2/18,-0.026413459
2/5/18,-0.041522566
2/6/18,0.017016248
2/7/18,-0.011883582
2/8/18,-0.038937252
2/9/18,0.027090234
2/12/18,0.016359779
2/13/18,0.007233182
2/14/18,0.018995542
2/15/18,0.016421478
2/16/18,-0.005186608
2/20/18,0.011330919
2/21/18,-0.00678758
2/22/18,-0.006006988
2/23/18,0.015603797
2/26/18,0.01248721
2/27/18,-0.009344495
2/28/18,-0.010606723
3/1/18,-0.013333925
3/2/18,0.012404452
3/5/18,0.014864915
3/6/18,0.009397297
3/7/18,0.011770059
3/8/18,0.001355078
3/9/18,0.011743448
3/12/18,0.00572203
3/13/18,-0.011300717
3/14/18,-0.001012566
3/15/18,-0.001931701
3/16/18,0.005813759
3/19/18,-0.017761013
3/20/18,0.008484741
3/21/18,-0.000273282
3/22/18,-0.022762612
3/23/18,-0.025137662
3/26/18,0.028486769
3/27/18,-0.028985588
3/28/18,-0.016908869
3/29/18,0.022526119
4/2/18,-0.027376743
4/3/18,0.011098435
4/4/18,-0.012801105
4/5/18,0.005007706
4/6/18,-0.022762105
4/9/18,0.002557089
4/10/18,0.026440094
4/11/18,0.004048556
4/12/18,0.019106402
4/13/18,-0.010992772
4/16/18,0.005159675
4/17/18,0.025171052
4/18/18,0.003215079
4/19/18,-0.015363804
4/20/18,-0.003400258
4/23/18,-0.007022583
4/24/18,-0.011272838
4/25/18,-0.008099962
4/26/18,0.023623573
4/27/18,-0.00213158
4/30/18,-0.006765448
5/1/18,0.009646549
5/2/18,-0.003739526
5/3/18,0.006263509
5/4/18,0.015095269
5/7/18,0.01398118
5/8/18,0.017095928
5/9/18,0.0042453
5/10/18,0.010526794
5/11/18,-0.017685345
5/14/18,0.002459177
5/15/18,-0.005911367
5/16/18,0.007701724
5/17/18,0.001790485
5/18/18,-0.003408211
5/21/18,0.009688932
5/22/18,-0.001468598
5/23/18,0.006271154
5/24/18,-0.004351722
5/25/18,-0.002388542
5/28/18,0
5/29/18,-0.001641022
5/30/18,0.005754213
5/31/18,-0.004253515
6/1/18,0.016587668
6/4/18,0.012372459
6/5/18,0.003237869
6/6/18,0.006205163
6/7/18,-0.016543476
6/8/18,0.003859478
6/11/18,0.001996779
6/12/18,0.007741425
6/13/18,-0.001369207
6/14/18,0.002542723
6/15/18,-0.001605565
6/18/18,0.00025744
6/19/18,-0.012248929
6/20/18,0.000158876
6/21/18,-0.010469133
6/22/18,-0.008785452
6/25/18,-0.027885948
6/26/18,0.006622818
6/27/18,-0.023185448
6/28/18,0.010420265
6/29/18,0.002127355
7/2/18,0.011775497
7/3/18,-0.00697165
7/4/18,0
7/5/18,0.015787542
7/6/18,0.01711753
7/9/18,0.007937964
7/10/18,0.005029595
7/11/18,-0.012151552
7/12/18,0.014335493
7/13/18,-0.008537541
7/16/18,-0.002412657
7/17/18,0.01193971
7/18/18,0.003314909
7/19/18,-0.00450641
7/20/18,-0.00883421
7/23/18,0.001256784
7/24/18,-0.010966977
7/25/18,0.012777517
7/26/18,0.001904215
7/27/18,-0.019960018
7/30/18,-0.02064962
7/31/18,0.016045491
8/1/18,-0.001555739
8/2/18,0.009395464
8/3/18,-0.00527517
8/6/18,0.012316589
8/7/18,0.008973827
8/8/18,-0.023473209
8/9/18,0.001803104
8/10/18,-0.007191451
8/13/18,-0.00297815
8/14/18,0.002163002
8/15/18,-0.012958714
8/16/18,0.005476972
8/17/18,0.00122322
8/20/18,0.004268421
8/21/18,0.011536773
8/22/18,0.004430145
8/23/18,0.001679971
8/24/18,0.027269985
8/27/18,0.009255506
8/28/18,0.001204796
8/29/18,0.004533982
8/30/18,-0.003805768
8/31/18,0.006847123
9/4/18,-0.011188809
9/5/18,-0.015928974
9/6/18,-0.006782968
9/7/18,0.002657308
9/10/18,0.009684392
9/11/18,-0.002186857
9/12/18,0.000519659
9/13/18,0.004262241
9/14/18,-0.000310592
9/17/18,-0.016228014
9/18/18,0.001241186
9/19/18,0.007012894
9/20/18,0.010577565
9/21/18,-0.000799939
9/24/18,0.000642166
9/25/18,-0.000939691
9/26/18,-0.008469144
9/27/18,0.000513109
9/28/18,0.014654708
10/1/18,-0.009427674
10/2/18,-0.004633566
10/3/18,0.006439125
10/4/18,-0.015937927
10/5/18,-0.024246771
10/8/18,-0.013914431
10/9/18,-0.006858735
10/10/18,-0.049054789
10/11/18,-0.016911348
10/12/18,0.026613924
10/15/18,0.001947505
10/16/18,0.030290945
10/17/18,-0.00545354
10/18/18,-0.023474668
10/19/18,-0.016481393
10/22/18,0.00310241
10/23/18,0.003035095
10/24/18,-0.053132614
10/25/18,0.023841888
10/26/18,-0.027815115
10/29/18,-0.018252585
10/30/18,0.027535578
10/31/18,0.021964006
11/1/18,0.043245061
11/2/18,-0.001517371
11/5/18,0.00183594
11/6/18,0.006743913
11/7/18,0.017186741
11/8/18,0.018095399
11/9/18,-0.012454593
11/12/18,-0.006671841
11/13/18,0.013911278
11/14/18,-0.002596863
11/15/18,0.023641995
11/16/18,0.002999178
11/19/18,-0.025237391
11/20/18,-0.021809543
11/21/18,0.009998524
11/22/18,0
11/23/18,0.005090033
11/26/18,0.018421792
11/27/18,0.001770842
11/28/18,0.028240586
11/29/18,-0.009092918
11/30/18,0.007970648
12/3/18,0.026047744
12/4/18,-0.04987217
12/6/18,0.003995303
12/7/18,-0.051908642
12/10/18,0.00906891
12/11/18,-0.005856238
12/12/18,0.018506042
12/13/18,-0.007715966
12/14/18,-0.024205351
12/17/18,-0.023785004
12/18/18,0.015672017
12/19/18,-0.03301844
12/20/18,-0.018965326
12/21/18,-0.037936323
12/24/18,-0.017387968
12/26/18,0.05954328
12/27/18,0.008686114
12/28/18,-0.001126452
12/31/18,0.009196173