gvkey,iid,gvkeyx,from,thru,conm,indextype,tic,spii,spmi,indexcat,co_conm,co_tic,co_cusip,co_cik,co_sic,co_naics
001602,01,000208,19950101,,Nasdaq 100,LGCAP,I0028,,,EXCHG,AMGEN INC,AMGN,031162100,0000318154,2836,325414
001690,01,000208,19950101,,Nasdaq 100,LGCAP,I0028,,,EXCHG,APPLE INC,AAPL,037833100,0000320193,3663,334220
001704,01,000208,19950101,,Nasdaq 100,LGCAP,I0028,,,EXCHG,APPLIED MATERIALS INC,AMAT,038222105,0000006951,3559,333242
006008,01,000208,19950101,,Nasdaq 100,LGCAP,I0028,,,EXCHG,INTEL CORP,INTC,458140100,0000050863,3674,334413
008253,01,000208,19950101,,Nasdaq 100,LGCAP,I0028,,,EXCHG,PACCAR INC,PCAR,693718108,0000075362,3711,336120
008402,01,000208,19950101,,Nasdaq 100,LGCAP,I0028,,,EXCHG,PAYCHEX INC,PAYX,704326107,0000723531,8721,541214
012141,01,000208,19950101,,Nasdaq 100,LGCAP,I0028,,,EXCHG,MICROSOFT CORP,MSFT,594918104,0000789019,7372,511210
012540,01,000208,19950101,,Nasdaq 100,LGCAP,I0028,,,EXCHG,ADOBE INC,ADBE,00724F101,0000796343,7372,511210
020779,01,000208,19950101,,Nasdaq 100,LGCAP,I0028,,,EXCHG,CISCO SYSTEMS INC,CSCO,17275R102,0000858877,3576,334210
022325,01,000208,19950101,,Nasdaq 100,LGCAP,I0028,,,EXCHG,XILINX INC,XLNX,983919101,0000743988,3674,334413
024800,01,000208,19950101,,Nasdaq 100,LGCAP,I0028,,,EXCHG,QUALCOMM INC,QCOM,747525103,0000804328,3674,334413
029028,01,000208,19950101,,Nasdaq 100,LGCAP,I0028,,,EXCHG,COSTCO WHOLESALE CORP,COST,22160K105,0000909832,5399,452910
004016,01,000208,19950101,19950126,Nasdaq 100,LGCAP,I0028,,,EXCHG,DOLLAR GENERAL CORP,DG,256669102,0000029534,5331,452990
006944,01,000208,19950101,19950126,Nasdaq 100,LGCAP,I0028,,,EXCHG,MAGMA POWER CO,MGMA.,559194105,0000355878,4991,221119
013506,01,000208,19950101,19950212,Nasdaq 100,LGCAP,I0028,,,EXCHG,QVC INC,0189A,747262103,0001254699,5961,454113
009477,01,000208,19950101,19950226,Nasdaq 100,LGCAP,I0028,,,EXCHG,SCIMED LIFE SYSTEMS INC,SMLS,808614101,0000087743,3841,339112
009815,01,000208,19950101,19950305,Nasdaq 100,LGCAP,I0028,,,EXCHG,SONOCO PRODUCTS CO,SON,835495102,0000091767,2650,322219
006815,01,000208,19950101,19950704,Nasdaq 100,LGCAP,I0028,,,EXCHG,LOTUS DEVELOPMENT CORP,LOTS.,545700106,0000711761,7372,511210
004100,01,000208,19950101,19950718,Nasdaq 100,LGCAP,I0028,,,EXCHG,LEGENT CORP,LGNT,52465R109,0000845607,7372,511210
002443,01,000208,19950101,19950817,Nasdaq 100,LGCAP,I0028,,,EXCHG,BRUNOS INC,BRNO20,116881202,0000014920,5411,445110
008283,01,000208,19950101,19950926,Nasdaq 100,LGCAP,I0028,,,EXCHG,PACIFIC TELECOM INC,PTCM,694876103,0000096977,4813,513310
006734,01,000208,19950101,19951002,Nasdaq 100,LGCAP,I0028,,,EXCHG,LIN BROADCASTING,LINB,532763109,0000059498,4812,513330
008596,01,000208,19950101,19951105,Nasdaq 100,LGCAP,I0028,,,EXCHG,PIONEER HI-BRED INTERNATIONL,PHB.1,723686101,0000078716,0100,111150
007609,01,000208,19950101,19951126,Nasdaq 100,LGCAP,I0028,,,EXCHG,MULTIMEDIA INC,MMEDC,62545K107,0000068813,4841,513210
009168,01,000208,19950101,19951126,Nasdaq 100,LGCAP,I0028,,,EXCHG,CALIBER SYSTEMS INC,CBB.1,129894101,0000701708,4210,492110
001055,01,000208,19950101,19951217,Nasdaq 100,LGCAP,I0028,,,EXCHG,AST RESEARCH INC,ASTA,001907104,0000725182,3571,334111
001254,01,000208,19950101,19951217,Nasdaq 100,LGCAP,I0028,,,EXCHG,MATSON INC,MATX,57686G105,0000003453,4400,483113
002938,01,000208,19950101,19951217,Nasdaq 100,LGCAP,I0028,,,EXCHG,CHARMING SHOPPES INC,CHRS.1,161133103,0000019353,5621,448120
003505,01,000208,19950101,19951217,Nasdaq 100,LGCAP,I0028,,,EXCHG,MOLSON COORS BREWING CO,TAP,60871R209,0000024545,2082,312120
005690,01,000208,19950101,19951217,Nasdaq 100,LGCAP,I0028,,,EXCHG,HNI CORP,HNI,404251100,0000048287,2522,337214
007921,01,000208,19950101,19951217,Nasdaq 100,LGCAP,I0028,,,EXCHG,NORDSON CORP,NDSN,655663102,0000072331,3569,333999
010386,02,000208,19950101,19951217,Nasdaq 100,LGCAP,I0028,,,EXCHG,TECUMSEH PRODUCTS CO,TECU,878895309,0000096831,3585,333415
011649,01,000208,19950101,19951217,Nasdaq 100,LGCAP,I0028,,,EXCHG,YRC WORLDWIDE INC,YRCW,984249607,0000716006,4213,484122
013500,01,000208,19950101,19951217,Nasdaq 100,LGCAP,I0028,,,EXCHG,INTELLIGENT ELECTRONICS INC,INEL.2,458157104,0000814430,5045,421430
024357,01,000208,19950101,19960228,Nasdaq 100,LGCAP,I0028,,,EXCHG,BAY NETWORKS INC,BAY.3,072510100,0000876516,3576,334119
010948,01,000208,19950101,19960716,Nasdaq 100,LGCAP,I0028,,,EXCHG,U S HEALTHCARE INC,USHC,911910107,0000711405,6324,621491
024216,01,000208,19950101,19960929,Nasdaq 100,LGCAP,I0028,,,EXCHG,AES CORP,AES,00130H105,0000874761,4991,22111
009372,01,000208,19950101,19961124,Nasdaq 100,LGCAP,I0028,,,EXCHG,ST JUDE MEDICAL INC,STJ,790849103,0000203077,3845,334510
001849,01,000208,19950101,19961222,Nasdaq 100,LGCAP,I0028,,,EXCHG,ASA HOLDINGS INC,ASAI,04338Q107,0001023944,4512,481111
002282,01,000208,19950101,19961222,Nasdaq 100,LGCAP,I0028,,,EXCHG,BOB EVANS FARMS,BOBE,096761101,0000033769,2013,311612
005783,01,000208,19950101,19961222,Nasdaq 100,LGCAP,I0028,,,EXCHG,HUNT (JB) TRANSPRT SVCS INC,JBHT,445658107,0000728535,4213,484121
006379,01,000208,19950101,19961222,Nasdaq 100,LGCAP,I0028,,,EXCHG,KELLY SERVICES INC  -CL A,KELYA,488152208,0000055135,7363,561320
006565,01,000208,19950101,19961222,Nasdaq 100,LGCAP,I0028,,,EXCHG,LAM RESEARCH CORP,LRCX,512807108,0000707549,3559,333242
007401,01,000208,19950101,19961222,Nasdaq 100,LGCAP,I0028,,,EXCHG,MILLER (HERMAN) INC,MLHR,600544100,0000066382,2520,3372
010085,01,000208,19950101,19961222,Nasdaq 100,LGCAP,I0028,,,EXCHG,STEWART & STEVENSON SERVICES,SVC.1,860342104,0000094328,3711,336992
011502,01,000208,19950101,19961222,Nasdaq 100,LGCAP,I0028,,,EXCHG,WILLAMETTE INDUSTRIES,WLL.1,969133107,0000107189,2621,322121
014244,01,000208,19950101,19961222,Nasdaq 100,LGCAP,I0028,,,EXCHG,VANGUARD CELLULAR SYS  -CL A,VCELA,922022108,0000771178,4812,513322
014524,02,000208,19950101,19961222,Nasdaq 100,LGCAP,I0028,,,EXCHG,ACCLAIM ENTERTAINMENT INC,AKLM,004325205,0000804888,7372,511210
015802,01,000208,19950101,19961222,Nasdaq 100,LGCAP,I0028,,,EXCHG,SKYTEL COMMUNICATIONS INC,SKYT,83087Q104,0000842915,4812,513321
016475,01,000208,19950101,19961222,Nasdaq 100,LGCAP,I0028,,,EXCHG,GIDDINGS & LEWIS INC/WI,GIDL,375048105,0000851588,3540,333512
024782,01,000208,19950101,19961222,Nasdaq 100,LGCAP,I0028,,,EXCHG,PERRIGO CO PLC,PRGO,G97822103,0001585364,2834,325412
010115,01,000208,19950101,19970723,Nasdaq 100,LGCAP,I0028,,,EXCHG,STRYKER CORP,SYK,863667101,0000310764,3842,339113
010793,01,000208,19950101,19971014,Nasdaq 100,LGCAP,I0028,,,EXCHG,TYSON FOODS INC  -CL A,TSN,902494103,0000100493,2011,311611
012587,01,000208,19950101,19980106,Nasdaq 100,LGCAP,I0028,,,EXCHG,ASCENTIAL SOFTWARE CORP,ASCL,04362P207,0000799089,7372,511210
016401,01,000208,19950101,19980106,Nasdaq 100,LGCAP,I0028,,,EXCHG,CIRRUS LOGIC INC,CRUS,172755100,0000772406,3674,334413
024186,01,000208,19950101,19980106,Nasdaq 100,LGCAP,I0028,,,EXCHG,OSI RESTAURANT PARTNERS INC,OSI,67104A101,0000874691,5812,722110
024510,01,000208,19950101,19980106,Nasdaq 100,LGCAP,I0028,,,EXCHG,PAGING NETWORK INC,PAGE,695542100,0000878324,4812,513321
001468,01,000208,19950101,19980210,Nasdaq 100,LGCAP,I0028,,,EXCHG,AMERICAN GREETINGS  -CL A,AM.1,026375105,0000005133,2771,511191
021081,01,000208,19950101,19980826,Nasdaq 100,LGCAP,I0028,,,EXCHG,VIKING OFFICE PRODUCTS INC,VKNG.,926913104,0000859303,5961,454110
003705,01,000208,19950101,19980827,Nasdaq 100,LGCAP,I0028,,,EXCHG,DSC COMMUNICATIONS CORP,DIGI.1,233311109,0000316004,3661,334210
006864,01,000208,19950101,19980915,Nasdaq 100,LGCAP,I0028,,,EXCHG,MCI COMMUNICATIONS,MCIC.,552673105,0000064079,4813,513310
024409,01,000208,19950101,19981220,Nasdaq 100,LGCAP,I0028,,,EXCHG,SYBASE INC,SY.3,871130100,0000768262,7372,511210
010393,01,000208,19950101,19990309,Nasdaq 100,LGCAP,I0028,,,EXCHG,TELE-COMM TCI GROUP  -SER A,TCOMA,87924V101,,4841,513220
007146,01,000208,19950101,19990524,Nasdaq 100,LGCAP,I0028,,,EXCHG,MCCORMICK & CO INC,MKC,579780206,0000063754,2090,311942
007922,01,000208,19950101,19990609,Nasdaq 100,LGCAP,I0028,,,EXCHG,NORDSTROM INC,JWN,655664100,0000072333,5651,448140
008867,01,000208,19950101,19990803,Nasdaq 100,LGCAP,I0028,,,EXCHG,QUANTUM CORP,QTM,747906105,0000709283,3572,334112
004828,02,000208,19950101,19990908,Nasdaq 100,LGCAP,I0028,,,EXCHG,DELHAIZE AMERICA INC,DEG1,246688204,0000037912,5411,445110
002846,01,000208,19950101,19991005,Nasdaq 100,LGCAP,I0028,,,EXCHG,CENTOCOR INC,CNTO.,152342101,0000708823,2836,325414
001651,01,000208,19950101,19991219,Nasdaq 100,LGCAP,I0028,,,EXCHG,ANDREW CORP,ANDW,034425108,0000317093,3357,335929
001878,01,000208,19950101,19991219,Nasdaq 100,LGCAP,I0028,,,EXCHG,AUTODESK INC,ADSK,052769106,0000769397,7370,519130
003570,01,000208,19950101,19991219,Nasdaq 100,LGCAP,I0028,,,EXCHG,CRACKER BARREL OLD CTRY STOR,CBRL,22410J106,0001067294,5812,722511
011600,01,000208,19950101,19991219,Nasdaq 100,LGCAP,I0028,,,EXCHG,WORTHINGTON INDUSTRIES,WOR,981811102,0000108516,3310,331221
013397,01,000208,19950101,19991219,Nasdaq 100,LGCAP,I0028,,,EXCHG,FIRST HEALTH GROUP CORP,FHCC,320960107,0000812910,6411,524292
009699,01,000208,19950101,20001217,Nasdaq 100,LGCAP,I0028,,,EXCHG,SIGMA-ALDRICH CORP,SIAL,826552101,0000090185,2833,325411
012126,01,000208,19950101,20001217,Nasdaq 100,LGCAP,I0028,,,EXCHG,PACIFICARE HEALTH SYSTEMS,PHS,695112102,0001027974,6324,621491
012256,01,000208,19950101,20001217,Nasdaq 100,LGCAP,I0028,,,EXCHG,STEEL EXCEL INC,SXCL,858122203,0000709804,1389,213112
014565,01,000208,19950101,20001217,Nasdaq 100,LGCAP,I0028,,,EXCHG,AMERICAN POWER CONVERSION CP,APCC.,029066107,0000835910,3620,335999
014650,01,000208,19950101,20010312,Nasdaq 100,LGCAP,I0028,,,EXCHG,BMC SOFTWARE INC,BMC,055921100,0000835729,7372,511210
010553,01,000208,19950101,20011223,Nasdaq 100,LGCAP,I0028,,,EXCHG,3COM CORP,COMS,885535104,0000738076,3576,334119
011910,01,000208,19950101,20011223,Nasdaq 100,LGCAP,I0028,,,EXCHG,NOVELL INC,NOVL,670006105,0000758004,7370,541519
018699,01,000208,19950101,20011223,Nasdaq 100,LGCAP,I0028,,,EXCHG,PTC INC,PTC,69370C100,0000857005,7372,511210
001164,01,000208,19950101,20020723,Nasdaq 100,LGCAP,I0028,,,EXCHG,MCI INC,MCIP,98157D106,0000723527,4813,517110
003226,02,000208,19950101,20021118,Nasdaq 100,LGCAP,I0028,,,EXCHG,COMCAST CORP,CMCSA,20030N200,0001166691,4841,515210
023767,01,000208,19950101,20021222,Nasdaq 100,LGCAP,I0028,,,EXCHG,ATMEL CORP,ATML,049513104,0000872448,3674,334413
002226,01,000208,19950101,20031112,Nasdaq 100,LGCAP,I0028,,,EXCHG,BIOGEN INC-OLD,BGEN,090597105,0000714655,2836,325414
001013,01,000208,19950101,20031221,Nasdaq 100,LGCAP,I0028,,,EXCHG,ADC TELECOMMUNICATIONS INC,ADCT,000886309,0000061478,3661,334210
026011,01,000208,19950101,20041219,Nasdaq 100,LGCAP,I0028,,,EXCHG,COMPUWARE CORP,CPWR.1,205638109,0000859014,7372,511210
024870,01,000208,19950101,20050814,Nasdaq 100,LGCAP,I0028,,,EXCHG,NEXTEL COMMUNICATIONS INC,NXTL,65332V103,0000824169,4812,517212
007506,01,000208,19950101,20051220,Nasdaq 100,LGCAP,I0028,,,EXCHG,MOLEX INC,MOLX,608554101,0000067472,3678,334417
003011,01,000208,19950101,20060420,Nasdaq 100,LGCAP,I0028,,,EXCHG,CHIRON CORP,CHIR.1,170040109,0000706539,2834,325412
002230,01,000208,19950101,20070717,Nasdaq 100,LGCAP,I0028,,,EXCHG,BIOMET INC,5938B,090613100,0000351346,3842,339113
010420,01,000208,19950101,20080519,Nasdaq 100,LGCAP,I0028,,,EXCHG,TELLABS INC,TLAB,879664100,0000317771,3661,334210
012136,01,000208,19950101,20090716,Nasdaq 100,LGCAP,I0028,,,EXCHG,SUN MICROSYSTEMS INC,JAVA,866810203,0000709519,3571,334111
003062,01,000208,19950101,20101219,Nasdaq 100,LGCAP,I0028,,,EXCHG,CINTAS CORP,CTAS,172908105,0000723254,2320,315220
012233,01,000208,19950101,20110403,Nasdaq 100,LGCAP,I0028,,,EXCHG,GENZYME CORP,GENZ,372917104,0000732485,2836,325414
016721,01,000208,19950101,20121227,Nasdaq 100,LGCAP,I0028,,,EXCHG,ELECTRONIC ARTS INC,EA,285512109,0000712515,7372,511210
012142,01,000208,19950101,20130714,Nasdaq 100,LGCAP,I0028,,,EXCHG,ORACLE CORP,ORCL,68389X105,0001341439,7372,511210
014489,01,000208,19950101,20131029,Nasdaq 100,LGCAP,I0028,,,EXCHG,DELL TECHNOLOGIES INC,7732B,24702R101,0001571996,3571,334111
015521,01,000208,19950101,20151220,Nasdaq 100,LGCAP,I0028,,,EXCHG,STAPLES INC,SPLS,855030102,0000791519,5110,424120
012216,01,000208,19950101,20161018,Nasdaq 100,LGCAP,I0028,,,EXCHG,LINEAR TECHNOLOGY CORP,LLTC,535678106,0000791907,3674,334413
025563,01,000208,19950127,19960709,Nasdaq 100,LGCAP,I0028,,,EXCHG,STRATACOM INC,STRM.,862683109,0000791594,3661,334210
008902,01,000208,19950127,19980106,Nasdaq 100,LGCAP,I0028,,,EXCHG,RPM INTERNATIONAL INC,RPM,749685103,0000110621,2890,325998
009472,01,000208,19950213,19961222,Nasdaq 100,LGCAP,I0028,,,EXCHG,SCHULMAN (A.) INC,SHLM,808194104,0000087565,2821,325211
006304,01,000208,19950227,20160225,Nasdaq 100,LGCAP,I0028,,,EXCHG,KLA-TENCOR CORP,KLAC,482480100,0000319201,3827,333314
005399,01,000208,19950306,19990112,Nasdaq 100,LGCAP,I0028,,,EXCHG,HBO & CO,HBOC.1,404100109,0000310377,7373,541512
028289,01,000208,19950705,19961230,Nasdaq 100,LGCAP,I0028,,,EXCHG,MFS COMMUNICATIONS INC,MFST.,55272T101,0000898623,4813,513310
014324,01,000208,19950719,20151006,Nasdaq 100,LGCAP,I0028,,,EXCHG,ALTERA CORP,ALTR.1,021441100,0000768251,3674,334413
007672,01,000208,19950818,20001217,Nasdaq 100,LGCAP,I0028,,,EXCHG,NORTHWEST AIRLINES CORP,NWA,667280101,0001058033,4512,481111
024548,01,000208,19950927,19970611,Nasdaq 100,LGCAP,I0028,,,EXCHG,U S ROBOTICS CORP,USRX,90338F100,0000933353,3661,334210
014340,02,000208,19951003,19980106,Nasdaq 100,LGCAP,I0028,,,EXCHG,EDCI HOLDINGS INC,EDCI,268315207,0000808918,9995,999990
025056,01,000208,19951106,19960801,Nasdaq 100,LGCAP,I0028,,,EXCHG,TIME WARNER INC,TWX,887317303,0001105705,4888,512110
029345,01,000208,19951127,19970521,Nasdaq 100,LGCAP,I0028,,,EXCHG,GATEWAY INC,GTW,367626108,0000895812,3571,334111
027928,01,000208,19951127,19980106,Nasdaq 100,LGCAP,I0028,,,EXCHG,INTUIT INC,INTU,461202103,0000896878,7372,511210
024608,01,000208,19951218,19961222,Nasdaq 100,LGCAP,I0028,,,EXCHG,READ-RITE CORP,RDRTQ,755246204,0000819480,3572,334112
024197,01,000208,19951218,19980106,Nasdaq 100,LGCAP,I0028,,,EXCHG,IDEXX LABS INC,IDXX,45168D104,0000874716,2835,325413
028648,01,000208,19951218,19980106,Nasdaq 100,LGCAP,I0028,,,EXCHG,PETSMART INC,PETM,716768106,0000863157,5990,453910
029144,01,000208,19951218,19980106,Nasdaq 100,LGCAP,I0028,,,EXCHG,BOSTON CHICKEN INC,BCHXQ,100578103,0000894751,5812,722211
012441,01,000208,19951218,19980914,Nasdaq 100,LGCAP,I0028,,,EXCHG,GARTNER INC,IT,366651107,0000749251,8700,541910
026905,01,000208,19951218,19981220,Nasdaq 100,LGCAP,I0028,,,EXCHG,GENERAL NUTRITION COS  -CL A,GNCI.,37047F103,0000880120,5400,446191
018484,01,000208,19951218,19991219,Nasdaq 100,LGCAP,I0028,,,EXCHG,WEB.COM INC,WWWW.1,94732Q100,0000854460,7374,518210
025944,01,000208,19951218,20041228,Nasdaq 100,LGCAP,I0028,,,EXCHG,PEOPLESOFT INC,PSFT.,712713106,0000875570,7372,511210
014256,01,000208,19951218,20071002,Nasdaq 100,LGCAP,I0028,,,EXCHG,MAXIM INTEGRATED PRODUCTS,MXIM,57772K101,0000743316,3674,334413
024381,01,000208,19960229,19981220,Nasdaq 100,LGCAP,I0028,,,EXCHG,OXFORD HEALTH PLANS INC,OHP,691471106,0000865084,6324,524114
030203,01,000208,19960710,19990624,Nasdaq 100,LGCAP,I0028,,,EXCHG,ASCEND COMMUNICATIONS INC,ASND.1,043491109,0000921146,3576,334119
030545,01,000208,19960717,19970630,Nasdaq 100,LGCAP,I0028,,,EXCHG,CASCADE COMMUNICATIONS CORP,CSCC.,147184105,0000887763,3576,334119
009063,01,000208,19960802,19970611,Nasdaq 100,LGCAP,I0028,,,EXCHG,AUTONATION INC,AN,05329W102,0000350698,5500,441110
030237,01,000208,19960930,19990527,Nasdaq 100,LGCAP,I0028,,,EXCHG,FORE SYSTEMS INC,FORE.1,345449102,0000920000,3576,334119
025434,01,000208,19961125,,Nasdaq 100,LGCAP,I0028,,,EXCHG,STARBUCKS CORP,SBUX,855244109,0000829224,5812,722513
012635,01,000208,19961223,,Nasdaq 100,LGCAP,I0028,,,EXCHG,FISERV INC,FISV,337738108,0000798354,7374,518210
012144,01,000208,19961223,19970603,Nasdaq 100,LGCAP,I0028,,,EXCHG,SUNGARD DATA SYSTEMS INC,0139A,867363103,0000789388,7372,511210
004850,02,000208,19961223,19970812,Nasdaq 100,LGCAP,I0028,,,EXCHG,FORT HOWARD CORP,FORT.1,347461105,0000038195,2621,322121
013369,01,000208,19961223,19980106,Nasdaq 100,LGCAP,I0028,,,EXCHG,KOMAG INC,KOMG,500453105,0001689437,3695,334613
024069,01,000208,19961223,19981220,Nasdaq 100,LGCAP,I0028,,,EXCHG,WISCONSIN CENTRAL TRANSPORTN,WCLX,976592105,0000874213,4011,482111
024858,01,000208,19961223,19981220,Nasdaq 100,LGCAP,I0028,,,EXCHG,PHYCOR INC,3PHYCQ,71940F100,0000881400,8011,621111
028848,01,000208,19961223,19981220,Nasdaq 100,LGCAP,I0028,,,EXCHG,PAIRGAIN TECHNOLOGIES INC,PAIR.,695934109,0000910032,3661,334210
030576,01,000208,19961223,19981220,Nasdaq 100,LGCAP,I0028,,,EXCHG,ADTRAN INC,ADTN,00738A106,0000926282,3661,334210
030689,01,000208,19961223,19991026,Nasdaq 100,LGCAP,I0028,,,EXCHG,CORPORATE EXPRESS INC,CEXP.,219888104,0000878130,5961,454110
025774,01,000208,19961223,19991219,Nasdaq 100,LGCAP,I0028,,,EXCHG,ELECTRONICS FOR IMAGING INC,EFII,286082102,0000867374,3576,334210
024975,01,000208,19961223,20001217,Nasdaq 100,LGCAP,I0028,,,EXCHG,SYNOPSYS INC,SNPS,871607107,0000883241,7372,511210
025783,01,000208,19961223,20001217,Nasdaq 100,LGCAP,I0028,,,EXCHG,MCAFEE INC,MFE,579064106,0000890801,7372,511210
030095,01,000208,19961223,20001217,Nasdaq 100,LGCAP,I0028,,,EXCHG,QUINTILES TRANSNATIONAL CORP,0573B,748767100,0000919623,8731,541710
003373,01,000208,19961223,20021106,Nasdaq 100,LGCAP,I0028,,,EXCHG,CONCORD EFS INC,CE.2,206197105,0000740112,6099,522320
025338,01,000208,19961223,20161218,Nasdaq 100,LGCAP,I0028,,,EXCHG,BED BATH & BEYOND INC,BBBY,075896100,0000886158,5700,442299
014225,01,000208,19961231,19991219,Nasdaq 100,LGCAP,I0028,,,EXCHG,FASTENAL CO,FAST,311900104,0000815556,5000,423
061143,01,000208,19970522,19990317,Nasdaq 100,LGCAP,I0028,,,EXCHG,NETSCAPE COMMUNICATIONS CORP,NSCP,641149109,0000944458,7372,511210
027965,01,000208,19970604,20131229,Nasdaq 100,LGCAP,I0028,,,EXCHG,MICROCHIP TECHNOLOGY INC,MCHP,595017104,0000827054,3674,334413
009248,01,000208,19970612,19991219,Nasdaq 100,LGCAP,I0028,,,EXCHG,ROSS STORES INC,ROST,778296103,0000745732,5651,448140
007401,01,000208,19970612,20001217,Nasdaq 100,LGCAP,I0028,,,EXCHG,MILLER (HERMAN) INC,MLHR,600544100,0000066382,2520,3372
031537,01,000208,19970701,19981220,Nasdaq 100,LGCAP,I0028,,,EXCHG,U S OFFICE PRODUCTS CO,OFISQ,912325305,0000934852,5110,422120
006242,03,000208,19970724,20051220,Nasdaq 100,LGCAP,I0028,,,EXCHG,SMURFIT-STONE CONTAINER CORP,SSCC,832727101,0000094610,2631,322130
024538,01,000208,19970813,19991219,Nasdaq 100,LGCAP,I0028,,,EXCHG,STEWART ENTERPRISES  -CL A,STEI,860370105,0000878522,7200,812210
061340,01,000208,19971015,20040818,Nasdaq 100,LGCAP,I0028,,,EXCHG,PANAMSAT CORP,SPOT.1,697933109,0001037388,4899,517410
061676,01,000208,19980107,,Nasdaq 100,LGCAP,I0028,,,EXCHG,CITRIX SYSTEMS INC,CTXS,177376100,0000877890,7372,511210
024908,01,000208,19980107,19981220,Nasdaq 100,LGCAP,I0028,,,EXCHG,DURA PHARMACEUTICALS INC,DURA.1,26632S109,0000882098,2834,325412
022140,02,000208,19980107,19981229,Nasdaq 100,LGCAP,I0028,,,EXCHG,ALLIED WASTE INDUSTRIES INC,AW,019589308,0000848865,4953,562111
006218,01,000208,19980107,19990504,Nasdaq 100,LGCAP,I0028,,,EXCHG,JACOR COMMUNICATIONS,JCOR,469858401,0000702808,4832,513112
028250,01,000208,19980107,19990713,Nasdaq 100,LGCAP,I0028,,,EXCHG,AMFM INC,AFM.3,001693100,0000894972,4832,513112
009098,90,000208,19980107,19991219,Nasdaq 100,LGCAP,I0028,,,EXCHG,THOMSON REUTERS PLC,TRIN.1,885141101,0001056084,2731,519130
012171,01,000208,19980107,19991219,Nasdaq 100,LGCAP,I0028,,,EXCHG,TECH DATA CORP,TECD,878237106,0000790703,5045,423430
028130,01,000208,19980107,19991219,Nasdaq 100,LGCAP,I0028,,,EXCHG,CAMBRIDGE TECHNOLOGY PARTNER,CATP,132524109,0000895462,7370,541519
031122,01,000208,19980107,20001217,Nasdaq 100,LGCAP,I0028,,,EXCHG,APOLLO EDUCATION GROUP INC,APOL,037604105,0000929887,8200,611310
005885,01,000208,19980107,20020714,Nasdaq 100,LGCAP,I0028,,,EXCHG,IMMUNEX CORP,IMNX,452528102,,2836,325414
004439,90,000208,19980107,20031221,Nasdaq 100,LGCAP,I0028,,,EXCHG,TELEFONAKTIEBOLAGET LM ERICS,ERIC,294821608,0000717826,3663,334220
028469,01,000208,19980211,19991219,Nasdaq 100,LGCAP,I0028,,,EXCHG,REXALL SUNDOWN INC,RXSD,761648104,0000901620,2834,325412
013440,03,000208,19980827,20011223,Nasdaq 100,LGCAP,I0028,,,EXCHG,LEVEL 3 COMMUNICATIONS INC,LVLT,52729N308,0000794323,4813,517110
064967,01,000208,19980828,19991229,Nasdaq 100,LGCAP,I0028,,,EXCHG,QWEST COMMUNICATION INTL-OLD,Q.1,74999X931,,4813,513310
026061,01,000208,19980915,20091221,Nasdaq 100,LGCAP,I0028,,,EXCHG,IAC/INTERACTIVECORP,IAC,44919P508,0000891103,7370,519130
062634,01,000208,19980916,20170616,Nasdaq 100,LGCAP,I0028,,,EXCHG,ALTABA INC,AABA,021346101,0001011006,7370,519130
027928,01,000208,19981221,,Nasdaq 100,LGCAP,I0028,,,EXCHG,INTUIT INC,INTU,461202103,0000896878,7372,511210
064768,01,000208,19981221,,Nasdaq 100,LGCAP,I0028,,,EXCHG,AMAZON.COM INC,AMZN,023135106,0001018724,5961,454111
003216,01,000208,19981221,19991121,Nasdaq 100,LGCAP,I0028,,,EXCHG,COMAIR HOLDINGS INC,COMR,199789108,0000835344,4512,481111
025062,01,000208,19981221,19991219,Nasdaq 100,LGCAP,I0028,,,EXCHG,LINCARE HOLDINGS INC,LNCR,532791100,0000882235,8090,621999
024361,01,000208,19981221,20001026,Nasdaq 100,LGCAP,I0028,,,EXCHG,PTV INC,PTVI,69367F108,,4813,517110
031587,01,000208,19981221,20001217,Nasdaq 100,LGCAP,I0028,,,EXCHG,DOLLAR TREE INC,DLTR,256746108,0000935703,5331,452990
063023,01,000208,19981221,20011223,Nasdaq 100,LGCAP,I0028,,,EXCHG,MCLEODUSA INC  -CL A,MCLD,582266102,0000919943,4813,517110
024803,01,000208,19981221,20021222,Nasdaq 100,LGCAP,I0028,,,EXCHG,VITESSE SEMICONDUCTOR CORP,VTSS,928497304,0000880446,3674,334413
029356,01,000208,19981221,20050705,Nasdaq 100,LGCAP,I0028,,,EXCHG,VERITAS SOFTWARE CORP,VRTS.1,923436109,0001084408,7372,511210
028139,01,000208,19981230,20051220,Nasdaq 100,LGCAP,I0028,,,EXCHG,SANMINA CORP,SANM,801056102,0000897723,3672,334412
012884,01,000208,19990113,20070205,Nasdaq 100,LGCAP,I0028,,,EXCHG,COMVERSE TECHNOLOGY INC,CMVT,205862402,0000803014,7372,511210
065068,01,000208,19990310,20011003,Nasdaq 100,LGCAP,I0028,,,EXCHG,AT HOME CORP,3ATHMQ,045919107,0001020620,7370,514191
029621,01,000208,19990318,20011223,Nasdaq 100,LGCAP,I0028,,,EXCHG,STEEL CONNECT INC,STCN,858098106,0000914712,7374,518210
029241,01,000208,19990505,20061219,Nasdaq 100,LGCAP,I0028,,,EXCHG,VIAVI SOLUTIONS INC,VIAV,925550105,0000912093,3576,334210
063194,01,000208,19990525,20011223,Nasdaq 100,LGCAP,I0028,,,EXCHG,CNET NETWORKS INC,CNET.,12613R104,0001015577,7370,517110
062550,01,000208,19990528,20001029,Nasdaq 100,LGCAP,I0028,,,EXCHG,LYCOS INC,LCOS.,550818108,0001007992,7370,514191
014897,01,000208,19990610,20000906,Nasdaq 100,LGCAP,I0028,,,EXCHG,VISX INC/DE,EYE.1,92844S105,0000837991,3845,334510
063180,01,000208,19990625,20060207,Nasdaq 100,LGCAP,I0028,,,EXCHG,SIEBEL SYSTEMS INC,SEBL,826170102,0001006835,7372,511210
116526,01,000208,19990714,20021222,Nasdaq 100,LGCAP,I0028,,,EXCHG,CONEXANT SYSTEMS INC,CNXT.1,207142308,0001069353,3674,334413
064356,01,000208,19990804,20031221,Nasdaq 100,LGCAP,I0028,,,EXCHG,CIENA CORP,CIEN,171779309,0000936395,3661,334210
113491,01,000208,19990909,20001105,Nasdaq 100,LGCAP,I0028,,,EXCHG,GLOBAL CROSSING LTD,GLBC,G3921A100,0001061322,4813,517110
114524,01,000208,19991006,,Nasdaq 100,LGCAP,I0028,,,EXCHG,EBAY INC,EBAY,278642103,0001065088,7370,519130
120178,01,000208,19991027,20010530,Nasdaq 100,LGCAP,I0028,,,EXCHG,VOICESTREAM WIRELESS CORP,VSTR.,928615103,,4812,513322
065899,01,000208,19991122,20011223,Nasdaq 100,LGCAP,I0028,,,EXCHG,REALNETWORKS INC,RNWK,75605L708,0001046327,7372,511210
065488,01,000208,19991220,20000608,Nasdaq 100,LGCAP,I0028,,,EXCHG,NETWORK SOLUTIONS INC,NSOL.,64121Q102,0001030341,7370,514191
060969,01,000208,19991220,20001217,Nasdaq 100,LGCAP,I0028,,,EXCHG,LEGATO SYSTEMS INC,LGTO,524651106,0000859360,7372,511210
031620,01,000208,19991220,20010212,Nasdaq 100,LGCAP,I0028,,,EXCHG,SDL INC,SDLI,784076101,0000934741,3674,334413
065489,01,000208,19991220,20011216,Nasdaq 100,LGCAP,I0028,,,EXCHG,XO HOLDINGS INC -CL A,3XOHO,983764101,0001111634,4813,517110
063099,01,000208,19991220,20011223,Nasdaq 100,LGCAP,I0028,,,EXCHG,BROADVISION INC,BVSN,111412706,0000920448,7370,5415
065706,01,000208,19991220,20011223,Nasdaq 100,LGCAP,I0028,,,EXCHG,ABOVENET INC,ABVT,591689104,0001043533,4899,517919
012484,01,000208,19991220,20020602,Nasdaq 100,LGCAP,I0028,,,EXCHG,ADELPHIA COMMUN  -CL A,ADELQ,006848105,0000796486,4841,517510
023943,01,000208,19991220,20021222,Nasdaq 100,LGCAP,I0028,,,EXCHG,PMC-SIERRA INC,PMCS,69344F106,0000767920,3674,334413
062712,01,000208,19991220,20021222,Nasdaq 100,LGCAP,I0028,,,EXCHG,I2 TECHNOLOGIES INC,ITWO,465754208,0001009304,7372,511210
065904,01,000208,19991220,20021222,Nasdaq 100,LGCAP,I0028,,,EXCHG,APPLIED MICRO CIRCUITS CORP,AMCC,03822W406,0000711065,3674,334413
064853,01,000208,19991220,20031221,Nasdaq 100,LGCAP,I0028,,,EXCHG,QORVO INC,QRVO,74736K101,0001604778,3674,334413
029791,01,000208,19991220,20051220,Nasdaq 100,LGCAP,I0028,,,EXCHG,QLOGIC CORP,QLGC,747277101,0000918386,3570,334118
024008,01,000208,19991220,20070604,Nasdaq 100,LGCAP,I0028,,,EXCHG,MEDIMMUNE INC,MEDI,584699102,0000873591,2836,325414
060900,01,000208,19991220,20101219,Nasdaq 100,LGCAP,I0028,,,EXCHG,DISH NETWORK CORP,DISH,25470M109,0001001082,4841,515210
061591,01,000208,19991220,20161218,Nasdaq 100,LGCAP,I0028,,,EXCHG,NETAPP INC,NTAP,64110D104,0001002047,3572,334112
062261,01,000208,19991230,20021215,Nasdaq 100,LGCAP,I0028,,,EXCHG,GEMSTAR-TV GUIDE INTL INC,GMST,36866W106,0000923282,4841,515210
066368,01,000208,20000609,20121227,Nasdaq 100,LGCAP,I0028,,,EXCHG,VERISIGN INC,VRSN,92343E102,0001014473,7370,519130
121718,01,000208,20000907,20091028,Nasdaq 100,LGCAP,I0028,,,EXCHG,JUNIPER NETWORKS INC,JNPR,48203R104,0001043604,3576,334118
121493,01,000208,20001027,20011223,Nasdaq 100,LGCAP,I0028,,,EXCHG,ARIBA INC,ARBA,04033V203,0001084755,7372,511210
066708,01,000208,20001030,20151110,Nasdaq 100,LGCAP,I0028,,,EXCHG,BROADCOM CORP,BRCM,111320107,0001054374,3674,334413
132502,01,000208,20001106,20011223,Nasdaq 100,LGCAP,I0028,,,EXCHG,PALM INC,PALM,696643105,0001100389,3571,334111
024468,01,000208,20001218,,Nasdaq 100,LGCAP,I0028,,,EXCHG,BIOGEN INC,BIIB,09062X103,0000875045,2836,325414
063185,01,000208,20001218,,Nasdaq 100,LGCAP,I0028,,,EXCHG,CHECK POINT SOFTWARE TECHN,CHKP,M22465104,0001015922,7372,511210
106368,01,000208,20001218,20011004,Nasdaq 100,LGCAP,I0028,,,EXCHG,EXODUS COMMUNICATIONS INC,3EXDSQ,302088109,,7370,514191
111488,01,000208,20001218,20011223,Nasdaq 100,LGCAP,I0028,,,EXCHG,INKTOMI CORP,INKT,457277101,0001024302,7372,511210
011135,01,000208,20001218,20021222,Nasdaq 100,LGCAP,I0028,,,EXCHG,RATIONAL SOFTWARE CORP,RATL,75409P202,0000722056,7370,541519
112178,01,000208,20001218,20021222,Nasdaq 100,LGCAP,I0028,,,EXCHG,ABGENIX INC,ABGX,00339B107,0001052837,2836,325414
029312,01,000208,20001218,20031221,Nasdaq 100,LGCAP,I0028,,,EXCHG,HUMAN GENOME SCIENCES INC,HGSI,444903108,0000901219,2835,325413
064156,01,000208,20001218,20031221,Nasdaq 100,LGCAP,I0028,,,EXCHG,MONSTER WORLDWIDE INC,MWW,611742107,0001020416,7370,519130
062784,01,000208,20001218,20051220,Nasdaq 100,LGCAP,I0028,,,EXCHG,MILLENNIUM PHARMACEUTICALS,MLNM,599902103,0001002637,2835,325413
029095,01,000208,20001218,20060103,Nasdaq 100,LGCAP,I0028,,,EXCHG,MERCURY INTERACTIVE CORP,MERQ,589405109,0000867058,7372,511210
064606,01,000208,20001218,20080506,Nasdaq 100,LGCAP,I0028,,,EXCHG,BEA SYSTEMS INC,BEAS,073325102,0001031798,7372,511210
030170,01,000208,20001218,20121227,Nasdaq 100,LGCAP,I0028,,,EXCHG,FLEX LTD,FLEX,Y2573F102,0000866374,3672,334412
120774,01,000208,20010213,20031221,Nasdaq 100,LGCAP,I0028,,,EXCHG,BROCADE COMMUNICATIONS SYS,BRCD,111621306,0001009626,3576,334118
014623,01,000208,20010313,20051220,Nasdaq 100,LGCAP,I0028,,,EXCHG,NOVELLUS SYSTEMS INC,NVLS.1,670008101,0000836106,3559,333295
117768,01,000208,20010531,20041219,Nasdaq 100,LGCAP,I0028,,,EXCHG,NVIDIA CORP,NVDA,67066G104,0001045810,3674,334413
063051,01,000208,20011004,20021222,Nasdaq 100,LGCAP,I0028,,,EXCHG,ANDRX CORP,ADRX,034553107,0001123337,5122,424210
024856,01,000208,20011005,,Nasdaq 100,LGCAP,I0028,,,EXCHG,GILEAD SCIENCES INC,GILD,375558103,0000882095,2836,325414
031122,01,000208,20011217,20121227,Nasdaq 100,LGCAP,I0028,,,EXCHG,APOLLO EDUCATION GROUP INC,APOL,037604105,0000929887,8200,611310
015855,01,000208,20011224,,Nasdaq 100,LGCAP,I0028,,,EXCHG,SYMANTEC CORP,SYMC,871503108,0000849399,7372,511210
025356,01,000208,20011224,,Nasdaq 100,LGCAP,I0028,,,EXCHG,EXPRESS SCRIPTS HOLDING CO,ESRX,30219G108,0001532063,5912,446110
006003,01,000208,20011224,20021222,Nasdaq 100,LGCAP,I0028,,,EXCHG,INTEGRATED DEVICE TECH INC,IDTI,458118106,0000703361,3674,334413
024473,01,000208,20011224,20021222,Nasdaq 100,LGCAP,I0028,,,EXCHG,SEPRACOR INC,SEPR,817315104,0000877357,2834,325412
024699,01,000208,20011224,20021222,Nasdaq 100,LGCAP,I0028,,,EXCHG,IMCLONE SYSTEMS INC,IMCL.1,45245W109,0000765258,2836,325414
024878,01,000208,20011224,20021222,Nasdaq 100,LGCAP,I0028,,,EXCHG,PDL BIOPHARMA INC,PDLI,69329Y104,0000882104,2836,325414
062336,01,000208,20011224,20021222,Nasdaq 100,LGCAP,I0028,,,EXCHG,CYTYC CORP,CYTC,232946103,0000849778,3826,334516
126136,01,000208,20011224,20021222,Nasdaq 100,LGCAP,I0028,,,EXCHG,CHARTER COMMUNICATIONS INC,CHTR,16117M107,0001091667,4841,515210
024110,01,000208,20011224,20031221,Nasdaq 100,LGCAP,I0028,,,EXCHG,ICOS CORP,ICOS,449295104,0000874294,2834,325412
023945,01,000208,20011224,20041219,Nasdaq 100,LGCAP,I0028,,,EXCHG,CEPHALON INC,CEPH,156708109,0000873364,2834,325412
024975,01,000208,20011224,20051220,Nasdaq 100,LGCAP,I0028,,,EXCHG,SYNOPSYS INC,SNPS,871607107,0000883241,7372,511210
118577,01,000208,20011224,20051220,Nasdaq 100,LGCAP,I0028,,,EXCHG,LIFE TECHNOLOGIES CORP,LIFE.3,53217V109,0001073431,2836,325414
028320,01,000208,20011224,20071009,Nasdaq 100,LGCAP,I0028,,,EXCHG,CDW CORP,CDW,12512N105,0001402057,5045,423430
031587,01,000208,20020603,20051220,Nasdaq 100,LGCAP,I0028,,,EXCHG,DOLLAR TREE INC,DLTR,256746108,0000935703,5331,452990
009699,01,000208,20020715,20150804,Nasdaq 100,LGCAP,I0028,,,EXCHG,SIGMA-ALDRICH CORP,SIAL,826552101,0000090185,2833,325411
025062,01,000208,20020724,20061219,Nasdaq 100,LGCAP,I0028,,,EXCHG,LINCARE HOLDINGS INC,LNCR,532791100,0000882235,8090,621999
014538,90,000208,20021107,20120529,Nasdaq 100,LGCAP,I0028,,,EXCHG,TEVA PHARMACEUTICALS,TEVA,881624209,0000818686,2834,325412
003226,01,000208,20021119,,Nasdaq 100,LGCAP,I0028,,,EXCHG,COMCAST CORP,CMCSA,20030N101,0001166691,4841,515210
025880,01,000208,20021216,20101219,Nasdaq 100,LGCAP,I0028,,,EXCHG,PATTERSON COMPANIES INC,PDCO,703395103,0000891024,5047,423450
014225,01,000208,20021223,,Nasdaq 100,LGCAP,I0028,,,EXCHG,FASTENAL CO,FAST,311900104,0000815556,5000,423
005116,01,000208,20021223,20041219,Nasdaq 100,LGCAP,I0028,,,EXCHG,GENTEX CORP,GNTX,371901109,0000355811,3714,336390
013397,01,000208,20021223,20041219,Nasdaq 100,LGCAP,I0028,,,EXCHG,FIRST HEALTH GROUP CORP,FHCC,320960107,0000812910,6411,524292
029108,01,000208,20021223,20041219,Nasdaq 100,LGCAP,I0028,,,EXCHG,PATTERSON-UTI ENERGY INC,PTEN,703481101,0000889900,1381,213111
061494,01,000208,20021223,20041219,Nasdaq 100,LGCAP,I0028,,,EXCHG,SCHEIN (HENRY) INC,HSIC,806407102,0001000228,5047,423450
064835,90,000208,20021223,20041219,Nasdaq 100,LGCAP,I0028,,,EXCHG,RYANAIR HOLDINGS PLC,RYAAY,783513203,0001038683,4512,481111
061627,01,000208,20021223,20060516,Nasdaq 100,LGCAP,I0028,,,EXCHG,PIXAR,PIXR,725811103,0001002114,7812,512110
014565,01,000208,20021223,20070213,Nasdaq 100,LGCAP,I0028,,,EXCHG,AMERICAN POWER CONVERSION CP,APCC.,029066107,0000835910,3620,335999
009248,01,000208,20021223,20071227,Nasdaq 100,LGCAP,I0028,,,EXCHG,ROSS STORES INC,ROST,778296103,0000745732,5651,448140
024893,01,000208,20021223,20081229,Nasdaq 100,LGCAP,I0028,,,EXCHG,WHOLE FOODS MARKET INC,WFM,966837106,0000865436,5411,445110
028648,01,000208,20021223,20081229,Nasdaq 100,LGCAP,I0028,,,EXCHG,PETSMART INC,PETM,716768106,0000863157,5990,453910
063422,01,000208,20021223,20081229,Nasdaq 100,LGCAP,I0028,,,EXCHG,LAMAR ADVERTISING CO  -CL A,LAMR,512816109,0001090425,6798,531190
013700,01,000208,20021223,20131229,Nasdaq 100,LGCAP,I0028,,,EXCHG,DENTSPLY SIRONA INC,XRAY,24906P109,0000818479,3843,339114
004494,01,000208,20021223,20151220,Nasdaq 100,LGCAP,I0028,,,EXCHG,EXPEDITORS INTL WASH INC,EXPD,302130109,0000746515,4731,488510
065609,01,000208,20021223,20151220,Nasdaq 100,LGCAP,I0028,,,EXCHG,C H ROBINSON WORLDWIDE INC,CHRW,12541W209,0001043277,4213,484121
061513,01,000208,20031113,20081229,Nasdaq 100,LGCAP,I0028,,,EXCHG,SANDISK CORP,SNDK,80004C101,0001000180,3572,334112
013440,03,000208,20031222,20051220,Nasdaq 100,LGCAP,I0028,,,EXCHG,LEVEL 3 COMMUNICATIONS INC,LVLT,52729N308,0000794323,4813,517110
066379,01,000208,20031222,20051220,Nasdaq 100,LGCAP,I0028,,,EXCHG,CAREER EDUCATION CORP,CECO,141665109,0001046568,8200,611210
130762,01,000208,20031222,20051220,Nasdaq 100,LGCAP,I0028,,,EXCHG,INTERSIL CORP  -CL A,ISIL,46069S109,0001096325,3674,334413
029322,01,000208,20031222,20061022,Nasdaq 100,LGCAP,I0028,,,EXCHG,ATI TECHNOLOGIES INC,ATYT,001941103,0001065331,3674,334413
006565,01,000208,20031222,20121227,Nasdaq 100,LGCAP,I0028,,,EXCHG,LAM RESEARCH CORP,LRCX,512807108,0000707549,3559,333242
065986,01,000208,20031222,20121227,Nasdaq 100,LGCAP,I0028,,,EXCHG,BLACKBERRY LTD,BB,09228F103,0001070235,7372,511210
137310,01,000208,20031222,20121227,Nasdaq 100,LGCAP,I0028,,,EXCHG,MARVELL TECHNOLOGY GROUP LTD,MRVL,G5876H105,0001058057,3674,334413
141459,01,000208,20031222,20151220,Nasdaq 100,LGCAP,I0028,,,EXCHG,GARMIN LTD,GRMN,H2906T109,0001121788,3812,334511
006307,03,000208,20040819,20131229,Nasdaq 100,LGCAP,I0028,,,EXCHG,SEARS HOLDINGS CORP,SHLDQ,812350106,0001310067,5311,452111
001878,01,000208,20041220,,Nasdaq 100,LGCAP,I0028,,,EXCHG,AUTODESK INC,ADSK,052769106,0000769397,7370,519130
001164,10,000208,20041220,20060110,Nasdaq 100,LGCAP,I0028,,,EXCHG,MCI INC,MCIP,552691107,0000723527,4813,517110
004439,90,000208,20041220,20071227,Nasdaq 100,LGCAP,I0028,,,EXCHG,TELEFONAKTIEBOLAGET LM ERICS,ERIC,294821608,0000717826,3663,334220
124442,01,000208,20041220,20071227,Nasdaq 100,LGCAP,I0028,,,EXCHG,XM SATELLITE RADIO HLDGS INC,XMSR,983759101,0001091530,4832,515112
030662,01,000208,20041220,20081229,Nasdaq 100,LGCAP,I0028,,,EXCHG,SIRIUS XM HOLDINGS INC,SIRI,82968B103,0000908937,4832,515112
153668,01,000208,20041220,20081229,Nasdaq 100,LGCAP,I0028,,,EXCHG,VIRGIN MEDIA INC,VMED,92769L101,0001270400,4841,515210
160549,01,000208,20041220,20091221,Nasdaq 100,LGCAP,I0028,,,EXCHG,LIBERTY GLOBAL PLC,LBTYK,G5480U104,0001570585,4841,515210
149318,01,000208,20041220,20151220,Nasdaq 100,LGCAP,I0028,,,EXCHG,WYNN RESORTS LTD,WYNN,983134107,0001174922,7990,721120
111864,01,000208,20041229,,Nasdaq 100,LGCAP,I0028,,,EXCHG,COGNIZANT TECH SOLUTIONS,CTSH,192446102,0001058290,7370,541512
013599,01,000208,20050706,,Nasdaq 100,LGCAP,I0028,,,EXCHG,CELGENE CORP,CELG,151020104,0000816284,2834,325412
024473,01,000208,20050815,20071227,Nasdaq 100,LGCAP,I0028,,,EXCHG,SEPRACOR INC,SEPR,817315104,0000877357,2834,325412
117768,01,000208,20051221,,Nasdaq 100,LGCAP,I0028,,,EXCHG,NVIDIA CORP,NVDA,67066G104,0001045810,3674,334413
160329,01,000208,20051221,,Nasdaq 100,LGCAP,I0028,,,EXCHG,ALPHABET INC,GOOGL,02079K305,0001652044,7370,519130
122841,01,000208,20051221,20061211,Nasdaq 100,LGCAP,I0028,,,EXCHG,RED HAT INC,RHT,756577102,0001087423,7372,511210
029150,01,000208,20051221,20061219,Nasdaq 100,LGCAP,I0028,,,EXCHG,URBAN OUTFITTERS INC,URBN,917047102,0000912615,5651,448140
061355,01,000208,20051221,20071204,Nasdaq 100,LGCAP,I0028,,,EXCHG,CHECKFREE CORP,CKFR,162813109,0000949341,7389,561990
029108,01,000208,20051221,20071227,Nasdaq 100,LGCAP,I0028,,,EXCHG,PATTERSON-UTI ENERGY INC,PTEN,703481101,0000889900,1381,213111
001111,02,000208,20051221,20080709,Nasdaq 100,LGCAP,I0028,,,EXCHG,ACTIVISION INC,ATVI.1,004930202,,7372,511210
064156,01,000208,20051221,20081111,Nasdaq 100,LGCAP,I0028,,,EXCHG,MONSTER WORLDWIDE INC,MWW,611742107,0001020416,7370,519130
013421,01,000208,20051221,20081229,Nasdaq 100,LGCAP,I0028,,,EXCHG,CADENCE DESIGN SYSTEMS INC,CDNS,127387108,0000813672,7372,511210
164296,01,000208,20051221,20081229,Nasdaq 100,LGCAP,I0028,,,EXCHG,DISCOVERY INC,DISCA,25470F104,0001437107,4841,515210
140902,02,000208,20051221,20111220,Nasdaq 100,LGCAP,I0028,,,EXCHG,NII HOLDINGS INC,NIHD,62913F201,0001037016,4812,517210
126296,02,000208,20051221,20141221,Nasdaq 100,LGCAP,I0028,,,EXCHG,EXPEDIA GROUP INC,EXPE,30212P303,0001324424,4700,561510
013003,02,000208,20060104,20111206,Nasdaq 100,LGCAP,I0028,,,EXCHG,JOY GLOBAL INC,JOY,481165108,0000801898,3532,333131
024843,01,000208,20060111,20081229,Nasdaq 100,LGCAP,I0028,,,EXCHG,AMYLIN PHARMACEUTICALS INC,AMLN,032346108,0000881464,2834,325412
136725,01,000208,20060208,,Nasdaq 100,LGCAP,I0028,,,EXCHG,INTUITIVE SURGICAL INC,ISRG,46120E602,0001035267,3845,334510
125595,01,000208,20060421,20091221,Nasdaq 100,LGCAP,I0028,,,EXCHG,AKAMAI TECHNOLOGIES INC,AKAM,00971T101,0001086222,7370,519130
030024,01,000208,20060517,20110526,Nasdaq 100,LGCAP,I0028,,,EXCHG,MILLICOM INTL CELLULAR SA,MIICF,L6388F110,0000912958,4812,517210
174147,01,000208,20061023,,Nasdaq 100,LGCAP,I0028,,,EXCHG,QURATE RETAIL INC,QRTEA,74915M100,,5961,454113
030059,01,000208,20061212,20070307,Nasdaq 100,LGCAP,I0028,,,EXCHG,AMERN EAGLE OUTFITTERS INC,AEO,02553E106,0000919012,5600,4481
024344,01,000208,20061220,,Nasdaq 100,LGCAP,I0028,,,EXCHG,VERTEX PHARMACEUTICALS INC,VRTX,92532F100,0000875320,2834,325412
013440,03,000208,20061220,20081229,Nasdaq 100,LGCAP,I0028,,,EXCHG,LEVEL 3 COMMUNICATIONS INC,LVLT,52729N308,0000794323,4813,517110
211009,90,000208,20061220,20121211,Nasdaq 100,LGCAP,I0028,,,EXCHG,INFOSYS LTD,INFY,456788108,0001067491,7371,541511
102696,02,000208,20070206,20101219,Nasdaq 100,LGCAP,I0028,,,EXCHG,LOGITECH INTERNATIONAL SA,LOGI,H50430232,0001032975,3577,334118
064835,90,000208,20070214,20091221,Nasdaq 100,LGCAP,I0028,,,EXCHG,RYANAIR HOLDINGS PLC,RYAAY,783513203,0001038683,4512,481111
010795,04,000208,20070308,20080722,Nasdaq 100,LGCAP,I0028,,,EXCHG,UNITED CONTINENTAL HLDGS INC,UAL,910047109,0000100517,4512,481111
023945,01,000208,20070605,20110719,Nasdaq 100,LGCAP,I0028,,,EXCHG,CEPHALON INC,CEPH,156708109,0000873364,2834,325412
004864,01,000208,20070718,20101219,Nasdaq 100,LGCAP,I0028,,,EXCHG,FOSTER WHEELER AG,FWLT,H27178104,0001130385,1600,2371
061494,01,000208,20071003,,Nasdaq 100,LGCAP,I0028,,,EXCHG,SCHEIN (HENRY) INC,HSIC,806407102,0001000228,5047,423450
114484,04,000208,20071010,20081229,Nasdaq 100,LGCAP,I0028,,,EXCHG,LEAP WIRELESS INTL INC,LEAP,521863308,0001065049,4812,517210
164532,90,000208,20071205,,Nasdaq 100,LGCAP,I0028,,,EXCHG,BAIDU INC,BIDU,056752108,0001329099,7370,519130
164283,90,000208,20071228,20090120,Nasdaq 100,LGCAP,I0028,,,EXCHG,FOCUS MEDIA HOLDING LTD,FMCN,34415V109,0001330017,7310,541890
024316,01,000208,20071228,20091221,Nasdaq 100,LGCAP,I0028,,,EXCHG,MONSTER BEVERAGE CORP,MNST,61174X109,0000865752,2086,312111
064030,01,000208,20071228,20091221,Nasdaq 100,LGCAP,I0028,,,EXCHG,STEEL DYNAMICS INC,STLD,858119100,0001022671,3312,331110
020904,01,000208,20071228,20101219,Nasdaq 100,LGCAP,I0028,,,EXCHG,HOLOGIC INC,HOLX,436440101,0000859737,3844,334517
063527,01,000208,20071228,20161218,Nasdaq 100,LGCAP,I0028,,,EXCHG,STERICYCLE INC,SRCL,858912108,0000861878,4955,562211
012206,01,000208,20080507,20150727,Nasdaq 100,LGCAP,I0028,,,EXCHG,DIRECTV,DTV.2,25490A309,0001465112,4841,515210
003310,01,000208,20080520,20181106,Nasdaq 100,LGCAP,I0028,,,EXCHG,CA INC,CA,12673P105,0000356028,7372,511210
180405,01,000208,20080710,,Nasdaq 100,LGCAP,I0028,,,EXCHG,ACTIVISION BLIZZARD INC,ATVI,00507V109,0000718877,7372,511210
028477,01,000208,20080723,20111220,Nasdaq 100,LGCAP,I0028,,,EXCHG,FLIR SYSTEMS INC,FLIR,302445101,0000354908,3812,334511
150937,01,000208,20081112,,Nasdaq 100,LGCAP,I0028,,,EXCHG,SEAGATE TECHNOLOGY PLC,STX,G7945M107,0001137789,3572,334112
001891,01,000208,20081230,,Nasdaq 100,LGCAP,I0028,,,EXCHG,AUTOMATIC DATA PROCESSING,ADP,053015103,0000008670,7374,518210
009248,01,000208,20081230,,Nasdaq 100,LGCAP,I0028,,,EXCHG,ROSS STORES INC,ROST,778296103,0000745732,5651,448140
028180,01,000208,20081230,,Nasdaq 100,LGCAP,I0028,,,EXCHG,O'REILLY AUTOMOTIVE INC,ORLY,67103H107,0000898173,5531,441310
061871,01,000208,20081230,20091221,Nasdaq 100,LGCAP,I0028,,,EXCHG,PHARMACEUTICAL PROD DEV INC,PPDI,717124101,0001003124,8731,541711
005783,01,000208,20081230,20101219,Nasdaq 100,LGCAP,I0028,,,EXCHG,HUNT (JB) TRANSPRT SVCS INC,JBHT,445658107,0000728535,4213,484121
029150,01,000208,20081230,20111220,Nasdaq 100,LGCAP,I0028,,,EXCHG,URBAN OUTFITTERS INC,URBN,917047102,0000912615,5651,448140
138205,01,000208,20081230,20111220,Nasdaq 100,LGCAP,I0028,,,EXCHG,ILLUMINA INC,ILMN,452327109,0001110803,3826,334516
175404,01,000208,20081230,20120422,Nasdaq 100,LGCAP,I0028,,,EXCHG,FIRST SOLAR INC,FSLR,336433107,0001274494,3674,334413
175163,01,000208,20081230,20121227,Nasdaq 100,LGCAP,I0028,,,EXCHG,WARNER CHILCOTT PLC,WCRX,G94368100,0001323854,2834,325412
118577,01,000208,20081230,20130828,Nasdaq 100,LGCAP,I0028,,,EXCHG,LIFE TECHNOLOGIES CORP,LIFE.3,53217V109,0001073431,2836,325414
014256,01,000208,20081230,20141221,Nasdaq 100,LGCAP,I0028,,,EXCHG,MAXIM INTEGRATED PRODUCTS,MXIM,57772K101,0000743316,3674,334413
012886,04,000208,20090121,,Nasdaq 100,LGCAP,I0028,,,EXCHG,TWENTY-FIRST CENTURY FOX INC,FOXA,90130A101,0001308161,4888,515210
012850,01,000208,20090717,,Nasdaq 100,LGCAP,I0028,,,EXCHG,CERNER CORP,CERN,156782104,0000804753,7373,541512
119314,01,000208,20091029,,Nasdaq 100,LGCAP,I0028,,,EXCHG,BOOKING HOLDINGS INC,BKNG,09857L108,0001075531,7370,519130
007637,01,000208,20091222,,Nasdaq 100,LGCAP,I0028,,,EXCHG,MYLAN NV,MYL,N59465109,0001623613,2834,325412
014894,90,000208,20091222,,Nasdaq 100,LGCAP,I0028,,,EXCHG,VODAFONE GROUP PLC,VOD,92857W308,0000839923,4812,517210
063186,01,000208,20091222,20111220,Nasdaq 100,LGCAP,I0028,,,EXCHG,QIAGEN NV,QGEN,N72482123,0001015820,3826,334516
153668,01,000208,20091222,20130604,Nasdaq 100,LGCAP,I0028,,,EXCHG,VIRGIN MEDIA INC,VMED,92769L101,0001270400,4841,515210
014650,01,000208,20091222,20130729,Nasdaq 100,LGCAP,I0028,,,EXCHG,BMC SOFTWARE INC,BMC,055921100,0000835729,7372,511210
061513,01,000208,20091222,20160315,Nasdaq 100,LGCAP,I0028,,,EXCHG,SANDISK CORP,SNDK,80004C101,0001000180,3572,334112
007116,01,000208,20091222,20171027,Nasdaq 100,LGCAP,I0028,,,EXCHG,MATTEL INC,MAT,577081102,0000063276,3942,339930
007343,01,000208,20101220,,Nasdaq 100,LGCAP,I0028,,,EXCHG,MICRON TECHNOLOGY INC,MU,595112103,0000723125,3674,334413
031587,01,000208,20101220,,Nasdaq 100,LGCAP,I0028,,,EXCHG,DOLLAR TREE INC,DLTR,256746108,0000935703,5331,452990
157413,90,000208,20101220,20120723,Nasdaq 100,LGCAP,I0028,,,EXCHG,CTRIP.COM INTL LTD,CTRP,22943F100,0001269238,4700,561510
147579,01,000208,20101220,20121227,Nasdaq 100,LGCAP,I0028,,,EXCHG,NETFLIX INC,NFLX,64110L106,0001065280,7841,532230
121077,01,000208,20101220,20141221,Nasdaq 100,LGCAP,I0028,,,EXCHG,F5 NETWORKS INC,FFIV,315616102,0001048695,7373,541512
024893,01,000208,20101220,20161218,Nasdaq 100,LGCAP,I0028,,,EXCHG,WHOLE FOODS MARKET INC,WFM,966837106,0000865436,5411,445110
125595,01,000208,20101220,20171217,Nasdaq 100,LGCAP,I0028,,,EXCHG,AKAMAI TECHNOLOGIES INC,AKAM,00971T101,0001086222,7370,519130
062263,01,000208,20110404,,Nasdaq 100,LGCAP,I0028,,,EXCHG,ALEXION PHARMACEUTICALS INC,ALXN,015351109,0000899866,2836,325414
028877,01,000208,20110527,20121227,Nasdaq 100,LGCAP,I0028,,,EXCHG,KEURIG DR PEPPER INC,KDP,49271M100,0001418135,2086,312111
030662,01,000208,20110720,,Nasdaq 100,LGCAP,I0028,,,EXCHG,SIRIUS XM HOLDINGS INC,SIRI,82968B103,0000908937,4832,515112
024782,01,000208,20111207,20130605,Nasdaq 100,LGCAP,I0028,,,EXCHG,PERRIGO CO PLC,PRGO,G97822103,0001585364,2834,325412
024316,01,000208,20111221,,Nasdaq 100,LGCAP,I0028,,,EXCHG,MONSTER BEVERAGE CORP,MNST,61174X109,0000865752,2086,312111
180711,01,000208,20111221,,Nasdaq 100,LGCAP,I0028,,,EXCHG,BROADCOM INC,AVGO,11135F101,0001649338,3674,334413
205692,92,000208,20111221,20131119,Nasdaq 100,LGCAP,I0028,,,EXCHG,RANDGOLD RESOURCES LTD,GOLD,752344309,0001175580,1040,212221
028118,01,000208,20111221,20131229,Nasdaq 100,LGCAP,I0028,,,EXCHG,FOSSIL GROUP INC,FOSL,34988V106,0000883569,3873,334519
061685,01,000208,20111221,20131229,Nasdaq 100,LGCAP,I0028,,,EXCHG,NUANCE COMMUNICATIONS INC,NUAN,67020Y100,0001002517,7372,511210
010499,01,000208,20120423,,Nasdaq 100,LGCAP,I0028,,,EXCHG,TEXAS INSTRUMENTS INC,TXN,882508104,0000097476,3674,334413
165675,01,000208,20120530,20171217,Nasdaq 100,LGCAP,I0028,,,EXCHG,VIACOM INC,VIAB,92553P201,0001339947,4833,515120
142953,01,000208,20120724,,Nasdaq 100,LGCAP,I0028,,,EXCHG,MONDELEZ INTERNATIONAL INC,MDLZ,609207105,0001103982,2000,311
170617,01,000208,20121212,,Nasdaq 100,LGCAP,I0028,,,EXCHG,FACEBOOK INC,FB,30303M102,0001326801,7370,519130
001632,01,000208,20121228,,Nasdaq 100,LGCAP,I0028,,,EXCHG,ANALOG DEVICES,ADI,032654105,0000006281,3674,334413
011399,01,000208,20121228,,Nasdaq 100,LGCAP,I0028,,,EXCHG,WESTERN DIGITAL CORP,WDC,958102105,0000106040,3572,334112
023812,01,000208,20121228,,Nasdaq 100,LGCAP,I0028,,,EXCHG,REGENERON PHARMACEUTICALS,REGN,75886F107,0000872589,2834,325412
160549,01,000208,20121228,,Nasdaq 100,LGCAP,I0028,,,EXCHG,LIBERTY GLOBAL PLC,LBTYK,G5480U104,0001570585,4841,515210
180652,01,000208,20121228,,Nasdaq 100,LGCAP,I0028,,,EXCHG,VERISK ANALYTICS INC,VRSK,92345Y106,0001442145,6411,524298
032280,01,000208,20121228,20130319,Nasdaq 100,LGCAP,I0028,,,EXCHG,STARZ,STRZA,85571Q102,0001507934,4833,515120
138743,01,000208,20121228,20150322,Nasdaq 100,LGCAP,I0028,,,EXCHG,EQUINIX INC,EQIX,29444U700,0001101239,6798,531120
031616,01,000208,20121228,20150728,Nasdaq 100,LGCAP,I0028,,,EXCHG,CATAMARAN CORP,CTRX,148887102,0001363851,7372,511210
121382,01,000208,20121228,20170320,Nasdaq 100,LGCAP,I0028,,,EXCHG,SBA COMMUNICATIONS CORP,SBAC,78410G104,0001034054,6798,531190
164296,01,000208,20121228,20171217,Nasdaq 100,LGCAP,I0028,,,EXCHG,DISCOVERY INC,DISCA,25470F104,0001437107,4841,515210
012978,01,000208,20130320,20150702,Nasdaq 100,LGCAP,I0028,,,EXCHG,KRAFT FOODS GROUP INC,KRFT,50076Q106,0001545158,2000,311
017010,01,000208,20130605,20160417,Nasdaq 100,LGCAP,I0028,,,EXCHG,LIBERTY MEDIA SIRIUSXM GROUP,LSXMK,531229409,,4832,515112
147579,01,000208,20130606,,Nasdaq 100,LGCAP,I0028,,,EXCHG,NETFLIX INC,NFLX,64110L106,0001065280,7841,532230
184996,01,000208,20130715,,Nasdaq 100,LGCAP,I0028,,,EXCHG,TESLA INC,TSLA,88160R101,0001318605,3711,336111
126136,03,000208,20130730,,Nasdaq 100,LGCAP,I0028,,,EXCHG,CHARTER COMMUNICATIONS INC,CHTR,16119P108,0001091667,4841,515210
028877,01,000208,20130829,20151220,Nasdaq 100,LGCAP,I0028,,,EXCHG,KEURIG DR PEPPER INC,KDP,49271M100,0001418135,2086,312111
063987,93,000208,20131030,20151220,Nasdaq 100,LGCAP,I0028,,,EXCHG,VEON LTD,VEON,91822M106,0001468091,4812,517210
028930,02,000208,20131120,,Nasdaq 100,LGCAP,I0028,,,EXCHG,MARRIOTT INTL INC,MAR,571903202,0001048286,7011,721110
138205,01,000208,20131230,,Nasdaq 100,LGCAP,I0028,,,EXCHG,ILLUMINA INC,ILMN,452327109,0001110803,3826,334516
184725,01,000208,20131230,20170207,Nasdaq 100,LGCAP,I0028,,,EXCHG,NXP SEMICONDUCTORS NV,NXPI,N6596X109,0001413447,3674,334413
199356,01,000208,20131230,20170426,Nasdaq 100,LGCAP,I0028,,,EXCHG,TRIPADVISOR INC,TRIP,896945201,0001526520,7370,519130
029736,01,000208,20131230,20171217,Nasdaq 100,LGCAP,I0028,,,EXCHG,TRACTOR SUPPLY CO,TSCO,892356106,0000916365,5200,453998
060900,01,000208,20131230,20180723,Nasdaq 100,LGCAP,I0028,,,EXCHG,DISH NETWORK CORP,DISH,25470M109,0001001082,4841,515210
160329,03,000208,20140403,,Nasdaq 100,LGCAP,I0028,,,EXCHG,ALPHABET INC,GOOGL,02079K107,0001652044,7370,519130
017010,03,000208,20140730,20160417,Nasdaq 100,LGCAP,I0028,,,EXCHG,LIBERTY MEDIA SIRIUSXM GROUP,LSXMK,531229607,,4832,515112
164296,03,000208,20140807,20171217,Nasdaq 100,LGCAP,I0028,,,EXCHG,DISCOVERY INC,DISCA,25470F302,0001437107,4841,515210
013664,01,000208,20141015,20180311,Nasdaq 100,LGCAP,I0028,,,EXCHG,GCI LIBERTY INC,GLIBA,36164V305,,5961,454111
001045,04,000208,20141222,,Nasdaq 100,LGCAP,I0028,,,EXCHG,AMERICAN AIRLINES GROUP INC,AAL,02376R102,0000006201,4512,481111
006565,01,000208,20141222,,Nasdaq 100,LGCAP,I0028,,,EXCHG,LAM RESEARCH CORP,LRCX,512807108,0000707549,3559,333242
012886,01,000208,20141222,,Nasdaq 100,LGCAP,I0028,,,EXCHG,TWENTY-FIRST CENTURY FOX INC,FOXA,90130A200,0001308161,4888,515210
016721,01,000208,20141222,,Nasdaq 100,LGCAP,I0028,,,EXCHG,ELECTRONIC ARTS INC,EA,285512109,0000712515,7372,511210
160549,05,000208,20141222,,Nasdaq 100,LGCAP,I0028,,,EXCHG,LIBERTY GLOBAL PLC,LBTYK,G5480U120,0001570585,4841,515210
003226,02,000208,20141222,20151211,Nasdaq 100,LGCAP,I0028,,,EXCHG,COMCAST CORP,CMCSA,20030N200,0001166691,4841,515210
011264,01,000208,20150323,,Nasdaq 100,LGCAP,I0028,,,EXCHG,WALGREENS BOOTS ALLIANCE INC,WBA,931427108,0001618921,5912,446110
024724,01,000208,20150702,20151220,Nasdaq 100,LGCAP,I0028,,,EXCHG,LIBERTY LATIN AMERICA LTD,LILAK,G9001E102,0001712184,4841,515210
024724,02,000208,20150702,20151220,Nasdaq 100,LGCAP,I0028,,,EXCHG,LIBERTY LATIN AMERICA LTD,LILAK,G9001E128,0001712184,4841,515210
005568,04,000208,20150703,,Nasdaq 100,LGCAP,I0028,,,EXCHG,KRAFT HEINZ CO,KHC,500754106,0001637459,2030,31142
122257,01,000208,20150728,,Nasdaq 100,LGCAP,I0028,,,EXCHG,BIOMARIN PHARMACEUTICAL INC,BMRN,09061G101,0001048477,2836,325414
019744,90,000208,20150729,,Nasdaq 100,LGCAP,I0028,,,EXCHG,JD.COM INC  -ADR,JD,47215P106,0001549802,5961,454111
001327,01,000208,20150805,,Nasdaq 100,LGCAP,I0028,,,EXCHG,SKYWORKS SOLUTIONS INC,SWKS,83088M102,0000004127,3674,334413
029127,01,000208,20151007,,Nasdaq 100,LGCAP,I0028,,,EXCHG,INCYTE CORP,INCY,45337C102,0000879169,2836,325414
024616,01,000208,20151111,,Nasdaq 100,LGCAP,I0028,,,EXCHG,PAYPAL HOLDINGS INC,PYPL,70450Y103,0001633917,7374,518210
014256,01,000208,20151221,,Nasdaq 100,LGCAP,I0028,,,EXCHG,MAXIM INTEGRATED PRODUCTS,MXIM,57772K101,0000743316,3674,334413
017874,01,000208,20151221,,Nasdaq 100,LGCAP,I0028,,,EXCHG,T-MOBILE US INC,TMUS,872590104,0001283699,4812,517210
126296,02,000208,20151221,,Nasdaq 100,LGCAP,I0028,,,EXCHG,EXPEDIA GROUP INC,EXPE,30212P303,0001324424,4700,561510
157413,90,000208,20151221,,Nasdaq 100,LGCAP,I0028,,,EXCHG,CTRIP.COM INTL LTD,CTRP,22943F100,0001269238,4700,561510
178704,01,000208,20151221,,Nasdaq 100,LGCAP,I0028,,,EXCHG,ULTA BEAUTY INC,ULTA,90384S303,0001403568,5990,446120
063645,01,000208,20151221,20160719,Nasdaq 100,LGCAP,I0028,,,EXCHG,ENDO INTERNATIONAL PLC,ENDP,G30401106,0001593034,2834,325412
104432,01,000208,20151221,20171217,Nasdaq 100,LGCAP,I0028,,,EXCHG,NORWEGIAN CRUISE LINE HLDGS,NCLH,G66721104,0001513761,4400,483112
002574,01,000208,20160226,,Nasdaq 100,LGCAP,I0028,,,EXCHG,CSX CORP,CSX,126408103,0000277948,4011,482111
137435,90,000208,20160316,,Nasdaq 100,LGCAP,I0028,,,EXCHG,NETEASE INC,NTES,64110W102,0001110646,7370,519130
027186,01,000208,20160418,20160621,Nasdaq 100,LGCAP,I0028,,,EXCHG,LIBERTY MEDIA BRAVES GROUP,BATRK,531229706,,7900,711211
027186,03,000208,20160418,20160621,Nasdaq 100,LGCAP,I0028,,,EXCHG,LIBERTY MEDIA BRAVES GROUP,BATRK,531229888,,7900,711211
027187,01,000208,20160418,20160621,Nasdaq 100,LGCAP,I0028,,,EXCHG,LIBERTY MEDIA FORMULA ONE,FWONK,531229870,,7948,711212
027187,03,000208,20160418,20160621,Nasdaq 100,LGCAP,I0028,,,EXCHG,LIBERTY MEDIA FORMULA ONE,FWONK,531229854,,7948,711212
013700,01,000208,20160622,20181129,Nasdaq 100,LGCAP,I0028,,,EXCHG,DENTSPLY SIRONA INC,XRAY,24906P109,0000818479,3843,339114
027965,01,000208,20160720,,Nasdaq 100,LGCAP,I0028,,,EXCHG,MICROCHIP TECHNOLOGY INC,MCHP,595017104,0000827054,3674,334413
212340,90,000208,20161019,,Nasdaq 100,LGCAP,I0028,,,EXCHG,SHIRE PLC,SHPG,82481R106,0000936402,2836,325414
003062,01,000208,20161219,,Nasdaq 100,LGCAP,I0028,,,EXCHG,CINTAS CORP,CTAS,172908105,0000723254,2320,315220
005518,01,000208,20161219,,Nasdaq 100,LGCAP,I0028,,,EXCHG,HASBRO INC,HAS,418056107,0000046080,3944,339930
006304,01,000208,20161219,,Nasdaq 100,LGCAP,I0028,,,EXCHG,KLA-TENCOR CORP,KLAC,482480100,0000319201,3827,333314
020904,01,000208,20161219,,Nasdaq 100,LGCAP,I0028,,,EXCHG,HOLOGIC INC,HOLX,436440101,0000859737,3844,334517
024724,01,000208,20161219,20180102,Nasdaq 100,LGCAP,I0028,,,EXCHG,LIBERTY LATIN AMERICA LTD,LILAK,G9001E102,0001712184,4841,515210
024724,02,000208,20161219,20180102,Nasdaq 100,LGCAP,I0028,,,EXCHG,LIBERTY LATIN AMERICA LTD,LILAK,G9001E128,0001712184,4841,515210
005783,01,000208,20170208,,Nasdaq 100,LGCAP,I0028,,,EXCHG,HUNT (JB) TRANSPRT SVCS INC,JBHT,445658107,0000728535,4213,484121
024197,01,000208,20170320,,Nasdaq 100,LGCAP,I0028,,,EXCHG,IDEXX LABS INC,IDXX,45168D104,0000874716,2835,325413
149318,01,000208,20170427,,Nasdaq 100,LGCAP,I0028,,,EXCHG,WYNN RESORTS LTD,WYNN,983134107,0001174922,7990,721120
178081,01,000208,20170619,,Nasdaq 100,LGCAP,I0028,,,EXCHG,MERCADOLIBRE INC,MELI,58733R102,0001099590,7370,517919
141384,01,000208,20171030,,Nasdaq 100,LGCAP,I0028,,,EXCHG,ALIGN TECHNOLOGY INC,ALGN,016255101,0001097149,3843,339114
013421,01,000208,20171218,,Nasdaq 100,LGCAP,I0028,,,EXCHG,CADENCE DESIGN SYSTEMS INC,CDNS,127387108,0000813672,7372,511210
015044,01,000208,20171218,,Nasdaq 100,LGCAP,I0028,,,EXCHG,WORKDAY INC,WDAY,98138H101,0001327811,7372,511210
024975,01,000208,20171218,,Nasdaq 100,LGCAP,I0028,,,EXCHG,SYNOPSYS INC,SNPS,871607107,0000883241,7372,511210
061214,90,000208,20171218,,Nasdaq 100,LGCAP,I0028,,,EXCHG,ASML HOLDING NV,ASML,N07059210,0000937966,3559,333242
064630,01,000208,20171218,,Nasdaq 100,LGCAP,I0028,,,EXCHG,TAKE-TWO INTERACTIVE SFTWR,TTWO,874054109,0000946581,7372,511210
008479,01,000208,20180724,,Nasdaq 100,LGCAP,I0028,,,EXCHG,PEPSICO INC,PEP,713448108,0000077476,2080,311919
184725,01,000208,20181107,,Nasdaq 100,LGCAP,I0028,,,EXCHG,NXP SEMICONDUCTORS NV,NXPI,N6596X109,0001413447,3674,334413
007977,01,000208,20181129,,Nasdaq 100,LGCAP,I0028,,,EXCHG,XCEL ENERGY INC,XEL,98389B100,0000072903,4931,2211
